"","time","agec","pred","prec.lcl","pred.ucl","outcome","date"
"1",1,1,55.3967321695466,48.6472446303916,62.7012898753723,"CAAP",2016-01-01
"2",1,2,28.1394289998153,24.2831683098933,32.216117762637,"CAAP",2016-01-01
"3",1,3,22.0076026997396,18.3704488718935,25.8238510610948,"CAAP",2016-01-01
"4",2,1,41.767660953796,34.2033609388464,50.1499985336027,"CAAP",2016-02-01
"5",2,2,24.0371489477195,19.5578631802717,29.1286944408242,"CAAP",2016-02-01
"6",2,3,22.0684018006341,17.3019633992299,27.2856927333309,"CAAP",2016-02-01
"7",3,1,18.0207606304595,14.3586416181155,24.3573231978048,"CAAP",2016-03-01
"8",3,2,12.3701270591533,9.61525690889015,15.3010103122012,"CAAP",2016-03-01
"9",3,3,15.5905424226623,12.4046496654605,19.4396648882236,"CAAP",2016-03-01
"10",4,1,13.6249805652294,11.6050423567646,16.090126655857,"CAAP",2016-04-01
"11",4,2,8.76780701815131,7.08725412435655,10.5118221204827,"CAAP",2016-04-01
"12",4,3,10.8155104649,8.93462550177086,12.7630968084828,"CAAP",2016-04-01
"13",5,1,9.72842246156876,8.11496605733251,11.5481724892662,"CAAP",2016-05-01
"14",5,2,7.69058295424269,6.24024461569244,9.17066951585669,"CAAP",2016-05-01
"15",5,3,8.60533960219058,7.07213097144346,10.2152051362877,"CAAP",2016-05-01
"16",6,1,8.64213824363586,6.9041912386435,10.4686746822876,"CAAP",2016-06-01
"17",6,2,6.53283756512203,5.12672886516795,8.00011516265032,"CAAP",2016-06-01
"18",6,3,9.15720490295077,7.34630438092495,11.1356322074924,"CAAP",2016-06-01
"19",7,1,6.41019389527687,4.92772677083419,8.06509752698422,"CAAP",2016-07-01
"20",7,2,5.39153134560215,4.06794055809842,6.80335182082663,"CAAP",2016-07-01
"21",7,3,8.15359279984794,6.4072732589256,9.94952760070032,"CAAP",2016-07-01
"22",8,1,6.87591082219258,5.35172705253538,8.54273229082622,"CAAP",2016-08-01
"23",8,2,6.53870301125823,5.1716009241842,7.94494568814535,"CAAP",2016-08-01
"24",8,3,9.70728518452724,8.07793668368564,11.4052489243382,"CAAP",2016-08-01
"25",9,1,6.04941698525921,4.53894785385061,7.92010074712113,"CAAP",2016-09-01
"26",9,2,6.48859762458361,5.04303330464446,7.91930467377302,"CAAP",2016-09-01
"27",9,3,7.95685417700593,6.35302886987925,9.83094146882178,"CAAP",2016-09-01
"28",10,1,7.55274595716951,5.87984342322676,9.25528654693305,"CAAP",2016-10-01
"29",10,2,7.05675720819402,5.55885126100478,8.63472569789819,"CAAP",2016-10-01
"30",10,3,9.37585020048849,7.74169467681963,11.1186771866458,"CAAP",2016-10-01
"31",11,1,16.9845205552453,14.5014384937399,19.5324540413799,"CAAP",2016-11-01
"32",11,2,10.9710442503,9.22560543556329,12.7371983044867,"CAAP",2016-11-01
"33",11,3,11.2613446621736,9.49052698973449,13.1042297768365,"CAAP",2016-11-01
"34",12,1,43.4044594502607,36.7564352160352,53.3065241309594,"CAAP",2016-12-01
"35",12,2,24.6784680693037,20.7147465180122,28.7814579373394,"CAAP",2016-12-01
"36",12,3,19.0979724337952,15.4403911256487,22.8467460993904,"CAAP",2016-12-01
"37",13,1,54.7939176878026,48.8258942802442,61.4139701004512,"CAAP",2017-01-01
"38",13,2,29.0968917058276,25.3149449055368,33.0592028913115,"CAAP",2017-01-01
"39",13,3,21.9903546186776,18.748442953011,25.2703624452392,"CAAP",2017-01-01
"40",14,1,50.4816827285482,44.0105249139479,57.2341687815506,"CAAP",2017-02-01
"41",14,2,25.5853303800252,22.0514217281026,29.4647227810132,"CAAP",2017-02-01
"42",14,3,20.7352007464022,17.2849667160247,24.5954451462727,"CAAP",2017-02-01
"43",15,1,35.631970694852,29.8864123005505,41.7520019761315,"CAAP",2017-03-01
"44",15,2,21.4907197956272,17.3017092286743,25.8580934355821,"CAAP",2017-03-01
"45",15,3,23.4902510630626,18.7540247261365,28.6167935815464,"CAAP",2017-03-01
"46",16,1,16.5310019629453,13.582355762718,19.5532497854914,"CAAP",2017-04-01
"47",16,2,10.8751298316298,8.51123167126859,13.3749371460151,"CAAP",2017-04-01
"48",16,3,13.3332531624385,10.6673625300639,16.2867266441199,"CAAP",2017-04-01
"49",17,1,6.39318747400909,5.02422417845978,8.06136166794872,"CAAP",2017-05-01
"50",17,2,5.3339478476765,4.00414230413932,6.65248512796833,"CAAP",2017-05-01
"51",17,3,6.56628028555233,5.05014705927608,8.1183840094945,"CAAP",2017-05-01
"52",18,1,6.00904708838231,4.61222300344985,7.6054014516407,"CAAP",2017-06-01
"53",18,2,5.4557202009942,4.22726718843561,6.83550704014253,"CAAP",2017-06-01
"54",18,3,7.47236202630754,5.96064787875774,9.04279715418384,"CAAP",2017-06-01
"55",19,1,5.87659123080709,4.66038034199754,7.22475583317392,"CAAP",2017-07-01
"56",19,2,5.96706603022662,4.78112240191464,7.18279451137143,"CAAP",2017-07-01
"57",19,3,8.22211666269244,6.78464271741482,9.72403732453273,"CAAP",2017-07-01
"58",20,1,4.79758905992184,3.55968451518324,6.2038710100573,"CAAP",2017-08-01
"59",20,2,5.86395249173016,4.5734192976263,7.16826420900972,"CAAP",2017-08-01
"60",20,3,7.4215650354811,5.89942599068003,9.02283573050255,"CAAP",2017-08-01
"61",21,1,5.63108321680705,4.44730059867158,6.96074999056566,"CAAP",2017-09-01
"62",21,2,5.92448748962335,4.83990751695088,7.15633089971104,"CAAP",2017-09-01
"63",21,3,7.72003344124236,6.43964301270696,9.1163271555757,"CAAP",2017-09-01
"64",22,1,7.40668126767551,5.93227265488014,9.12929529508683,"CAAP",2017-10-01
"65",22,2,6.32406525704464,5.0599638650708,7.6441304300899,"CAAP",2017-10-01
"66",22,3,9.31564368254348,7.6363948404083,11.2346690501559,"CAAP",2017-10-01
"67",23,1,17.3545571098004,14.6899223993108,19.9538379779873,"CAAP",2017-11-01
"68",23,2,11.2931864377659,9.40437071986381,13.2717645483963,"CAAP",2017-11-01
"69",23,3,10.4002014458479,8.51196786312187,12.2545847472222,"CAAP",2017-11-01
"70",24,1,51.6822362814811,44.2507745574288,59.8753146222847,"CAAP",2017-12-01
"71",24,2,29.43528350128,24.2327081530877,34.5820764181931,"CAAP",2017-12-01
"72",24,3,20.3426713335793,16.0309039983101,25.1878630340871,"CAAP",2017-12-01
"73",25,1,61.8067853640292,54.1541389174584,69.8415957153224,"CAAP",2018-01-01
"74",25,2,31.4671787831249,27.2575950453698,36.0617777089295,"CAAP",2018-01-01
"75",25,3,22.1618901034647,18.5989148748881,26.0645294662666,"CAAP",2018-01-01
"76",26,1,61.1992480954396,53.304036789166,69.5761429913582,"CAAP",2018-02-01
"77",26,2,27.6910643628102,23.6937293506686,31.8957809231097,"CAAP",2018-02-01
"78",26,3,22.0965910429418,18.5461272082515,26.0143462695792,"CAAP",2018-02-01
"79",27,1,40.2612741864862,34.4005910676741,47.8880785496792,"CAAP",2018-03-01
"80",27,2,19.5602547457675,16.6927836434772,22.8675431701089,"CAAP",2018-03-01
"81",27,3,19.1714174695631,15.9562779232416,22.4838069454655,"CAAP",2018-03-01
"82",28,1,16.673239471378,13.9294053264512,20.3652146202391,"CAAP",2018-04-01
"83",28,2,9.35489805380642,7.8843906747251,10.9028334190262,"CAAP",2018-04-01
"84",28,3,9.86509621941785,8.17818512259211,11.6923276456319,"CAAP",2018-04-01
"85",29,1,8.91492070020896,7.01146744548031,11.2178123094152,"CAAP",2018-05-01
"86",29,2,6.67150130948715,5.14688755561057,8.39316353408781,"CAAP",2018-05-01
"87",29,3,9.0097609636952,7.21576039313545,10.8764761459532,"CAAP",2018-05-01
"88",30,1,7.62680192238686,6.18569875179699,9.24699799844724,"CAAP",2018-06-01
"89",30,2,6.41716685033728,5.12805534934436,7.86755147708628,"CAAP",2018-06-01
"90",30,3,8.82733879745349,7.36007830436392,10.4471885694042,"CAAP",2018-06-01
"91",31,1,5.4232166532071,4.18650403263431,6.76518806746857,"CAAP",2018-07-01
"92",31,2,6.31625778304197,5.0348236806421,7.69225490939951,"CAAP",2018-07-01
"93",31,3,8.09468730516377,6.55466721359711,9.69205080957832,"CAAP",2018-07-01
"94",32,1,4.28800337003404,3.28382066157416,5.34748786165541,"CAAP",2018-08-01
"95",32,2,4.58177299128302,3.58952286557914,5.62712220389989,"CAAP",2018-08-01
"96",32,3,6.22124371028071,5.0466862709041,7.5201882529133,"CAAP",2018-08-01
"97",33,1,3.62873835243075,2.58717222460443,4.74815605767651,"CAAP",2018-09-01
"98",33,2,4.18830314435954,3.22523224720147,5.23657975279129,"CAAP",2018-09-01
"99",33,3,5.84387926425277,4.63057229180879,7.20110693691491,"CAAP",2018-09-01
"100",34,1,5.39086994163441,4.04008739280846,6.84131272530284,"CAAP",2018-10-01
"101",34,2,4.8399984788379,3.67656568540778,6.08120523645712,"CAAP",2018-10-01
"102",34,3,8.53907125371088,6.75723903483406,10.4123654078169,"CAAP",2018-10-01
"103",35,1,7.74062617715066,6.25986942831963,9.27816444599484,"CAAP",2018-11-01
"104",35,2,6.10558172152383,4.92304201888283,7.38874371964981,"CAAP",2018-11-01
"105",35,3,8.63321178085066,6.9089402380163,10.5223131141914,"CAAP",2018-11-01
"106",36,1,28.9955913843851,24.2968289001752,34.074856708146,"CAAP",2018-12-01
"107",36,2,21.2508506261768,17.8239219840213,25.1303930931277,"CAAP",2018-12-01
"108",36,3,17.2381299199136,14.3127715569221,20.4501023753416,"CAAP",2018-12-01
"109",37,1,43.1416538786612,37.5663348803901,49.7044855800591,"CAAP",2019-01-01
"110",37,2,26.1688332599875,22.3859536252894,30.1893360242517,"CAAP",2019-01-01
"111",37,3,19.3187526686069,16.2611022230928,22.6437123720836,"CAAP",2019-01-01
"112",38,1,53.6553992895052,44.2289974670034,70.1794359905359,"CAAP",2019-02-01
"113",38,2,25.9005201557999,21.6587839488815,30.8423799209683,"CAAP",2019-02-01
"114",38,3,22.0490596523785,17.5698749663311,27.5477166736088,"CAAP",2019-02-01
"115",39,1,48.059064022053,41.2832066097657,55.347270648954,"CAAP",2019-03-01
"116",39,2,19.9025100886629,16.7789149707914,23.4193814685858,"CAAP",2019-03-01
"117",39,3,17.7804000735643,14.6250955338945,20.9542498773028,"CAAP",2019-03-01
"118",40,1,25.4702897867377,20.5787193916459,30.2030217360659,"CAAP",2019-04-01
"119",40,2,11.3620942222533,9.02439229224803,13.8056479775543,"CAAP",2019-04-01
"120",40,3,11.575613056817,9.1525730832302,14.1306500587953,"CAAP",2019-04-01
"121",41,1,8.98768277041127,7.24836400873606,10.698518207275,"CAAP",2019-05-01
"122",41,2,5.2552246850608,4.05089775165589,6.51436950372905,"CAAP",2019-05-01
"123",41,3,5.32919575733147,4.00613148345362,6.64961325597574,"CAAP",2019-05-01
"124",42,1,5.2057013828337,3.99018117172807,6.41487921809852,"CAAP",2019-06-01
"125",42,2,5.26370627928836,4.028339817451,6.62334121606103,"CAAP",2019-06-01
"126",42,3,6.67567690564228,5.25024483317842,8.23465060351434,"CAAP",2019-06-01
"127",43,1,4.21589916134798,3.02453251690059,5.59418784884974,"CAAP",2019-07-01
"128",43,2,5.92220575562585,4.27651272931461,7.60830899409796,"CAAP",2019-07-01
"129",43,3,7.39531949999446,5.54020915936588,9.36146189001578,"CAAP",2019-07-01
"130",44,1,4.36643464527749,3.16019404516669,5.69663939267853,"CAAP",2019-08-01
"131",44,2,5.96853388147539,4.45560398384978,7.648610201332,"CAAP",2019-08-01
"132",44,3,8.05607458707551,6.21209612738696,9.83439201041848,"CAAP",2019-08-01
"133",45,1,4.26547545556293,3.02542990574338,5.53613684207416,"CAAP",2019-09-01
"134",45,2,5.15963628826933,3.84306103824028,6.47826209775229,"CAAP",2019-09-01
"135",45,3,8.14052501312317,6.53137478024117,9.84305089611503,"CAAP",2019-09-01
"136",46,1,8.65161554580563,6.62746455104907,10.9905050985262,"CAAP",2019-10-01
"137",46,2,7.21480890705334,5.74414791954135,8.87317563324264,"CAAP",2019-10-01
"138",46,3,10.7744126439514,8.02567170211736,13.8589200278793,"CAAP",2019-10-01
"139",47,1,17.4817927677249,14.8284125983143,20.2853189791531,"CAAP",2019-11-01
"140",47,2,13.1736559127946,10.8049622585451,15.5978012256983,"CAAP",2019-11-01
"141",47,3,11.8935054515098,9.58154851643474,14.2983860029103,"CAAP",2019-11-01
"142",48,1,44.4028815009248,38.3454298240303,51.0458139942262,"CAAP",2019-12-01
"143",48,2,23.4240177862064,19.9074299357496,27.2528005445756,"CAAP",2019-12-01
"144",48,3,17.9360571035908,14.917398420798,21.2459574146274,"CAAP",2019-12-01
"145",49,1,51.7524613399805,44.2851203038164,59.6450834229069,"CAAP",2020-01-01
"146",49,2,23.9381640228804,20.0886610776802,28.2980861807154,"CAAP",2020-01-01
"147",49,3,18.3490862261955,15.01416950786,22.139586296793,"CAAP",2020-01-01
"148",50,1,41.0910130015552,33.6877847678141,49.8211876444584,"CAAP",2020-02-01
"149",50,2,19.1925397729472,15.589198854174,23.3730117527135,"CAAP",2020-02-01
"150",50,3,15.2418761535825,11.7048973839987,19.466159228728,"CAAP",2020-02-01
"151",51,1,40.4060954182681,34.2771721346764,47.0296062213929,"CAAP",2020-03-01
"152",51,2,19.719738863751,16.8337626973264,22.8823171071962,"CAAP",2020-03-01
"153",51,3,17.4449882432251,14.5391728987461,20.414444170973,"CAAP",2020-03-01
"154",52,1,10.09716241259,8.27330209297299,12.0326015409381,"CAAP",2020-04-01
"155",52,2,5.96380219450508,4.51530953817911,7.45220026922506,"CAAP",2020-04-01
"156",52,3,5.7677753167944,4.22014925550103,7.46771201447907,"CAAP",2020-04-01
"157",53,1,3.74122260810865,2.42783972421622,5.21960905651018,"CAAP",2020-05-01
"158",53,2,2.99036426784026,1.73095084032988,4.33993929250757,"CAAP",2020-05-01
"159",53,3,3.19574811325262,1.8228932713604,4.70767276903835,"CAAP",2020-05-01
"160",54,1,3.03695052269715,1.84347205857012,4.36413920693942,"CAAP",2020-06-01
"161",54,2,2.84471372849957,1.65035898671594,4.20325665250415,"CAAP",2020-06-01
"162",54,3,3.2689767985588,1.95695256595693,4.74774429638427,"CAAP",2020-06-01
"163",55,1,2.86947244391992,1.72267157561681,4.09831941007451,"CAAP",2020-07-01
"164",55,2,3.07596421085863,1.92375853706385,4.39043401548202,"CAAP",2020-07-01
"165",55,3,3.68635068412459,2.29505694980822,5.24600824158318,"CAAP",2020-07-01
"166",56,1,3.56347196264067,2.41725539498326,4.83211506919066,"CAAP",2020-08-01
"167",56,2,3.35309268065238,2.2000076864412,4.5747789692829,"CAAP",2020-08-01
"168",56,3,4.01851064635498,2.56239807090781,5.74786925367067,"CAAP",2020-08-01
"169",57,1,2.50774543939249,1.38273874138536,3.75676915577048,"CAAP",2020-09-01
"170",57,2,2.80366983306343,1.68469449269729,3.99188493781376,"CAAP",2020-09-01
"171",57,3,3.63667927539012,2.10560425709977,5.41368034310168,"CAAP",2020-09-01
"172",58,1,1.73313501013712,0.634810829879938,3.06253329885665,"CAAP",2020-10-01
"173",58,2,2.17254779403127,1.1214729529857,3.3684184394195,"CAAP",2020-10-01
"174",58,3,3.25035010859662,1.72855681629762,5.04591854144664,"CAAP",2020-10-01
"175",59,1,2.19111022896208,0.800124168635455,3.64693938799856,"CAAP",2020-11-01
"176",59,2,1.88753392088898,0.779231943744263,3.11414155355356,"CAAP",2020-11-01
"177",59,3,3.11229995209487,1.58650961578291,4.90331315280799,"CAAP",2020-11-01
"178",60,1,5.94948590797775,2.7251884333034,9.86182723648737,"CAAP",2020-12-01
"179",60,2,3.36457283884023,1.35066321149132,5.81531140445047,"CAAP",2020-12-01
"180",60,3,10.7077672362744,5.28805011836289,15.9824667759645,"CAAP",2020-12-01
"181",61,1,5.79023819369205,2.8369530447592,9.11686411557721,"CAAP",2021-01-01
"182",61,2,4.84481984089494,2.55008298947196,7.52806320286193,"CAAP",2021-01-01
"183",61,3,11.1708855167361,6.09238812460266,16.194268211116,"CAAP",2021-01-01
"184",62,1,3.12390677583262,1.34029624123827,5.12255352979396,"CAAP",2021-02-01
"185",62,2,2.81002128842505,1.24369058202383,4.51684773896573,"CAAP",2021-02-01
"186",62,3,4.17886930356623,2.06095889757703,6.40538242833012,"CAAP",2021-02-01
"187",63,1,6.20614507455452,3.8359075504032,8.78991056280307,"CAAP",2021-03-01
"188",63,2,5.25932614513491,3.50199049569996,7.06719352290888,"CAAP",2021-03-01
"189",63,3,5.81919221196526,3.87722460295757,7.95733253647804,"CAAP",2021-03-01
"190",64,1,8.25309480504451,5.70181463697973,11.1058541531952,"CAAP",2021-04-01
"191",64,2,6.82532890032222,5.09515945702057,8.73194551097222,"CAAP",2021-04-01
"192",64,3,8.05514958484225,6.10807105050282,10.0890506952665,"CAAP",2021-04-01
"193",65,1,11.7960799049299,8.30337470390071,15.9899840219876,"CAAP",2021-05-01
"194",65,2,10.4860005337008,8.1213541980238,13.226740325278,"CAAP",2021-05-01
"195",65,3,11.7606014893019,9.01710765164299,14.5404815397104,"CAAP",2021-05-01
"196",66,1,20.119398785728,15.2287863709443,25.4143371847938,"CAAP",2021-06-01
"197",66,2,16.6748963417987,12.9812681273295,20.5151718301891,"CAAP",2021-06-01
"198",66,3,17.9544175175067,13.6891525245448,22.3323279788356,"CAAP",2021-06-01
"199",67,1,29.3930461342549,24.4613107173599,34.6299218396337,"CAAP",2021-07-01
"200",67,2,23.2194156323675,19.1649982606922,27.3772379618225,"CAAP",2021-07-01
"201",67,3,19.4056048359085,15.7669408121883,23.388323095685,"CAAP",2021-07-01
"202",68,1,33.5895728231441,28.376325225121,38.8783271826729,"CAAP",2021-08-01
"203",68,2,22.9292387008118,18.7268304227909,27.4294495727506,"CAAP",2021-08-01
"204",68,3,15.8212338178168,12.0879416759623,19.4786235457963,"CAAP",2021-08-01
"205",69,1,37.3694516688808,30.3336072327707,44.3412677791376,"CAAP",2021-09-01
"206",69,2,18.0364807115564,14.966045042845,21.3046767243306,"CAAP",2021-09-01
"207",69,3,13.8168794082304,10.7792626277982,16.9669312948898,"CAAP",2021-09-01
"208",70,1,42.5460881849669,33.1368637547209,52.2619094848935,"CAAP",2021-10-01
"209",70,2,17.4495628659873,13.8235850710465,21.1680560100943,"CAAP",2021-10-01
"210",70,3,14.1015071702338,10.4639749569733,17.8317242764914,"CAAP",2021-10-01
"211",71,1,41.7179369759983,35.3798021326451,48.2083028025905,"CAAP",2021-11-01
"212",71,2,19.7737059345759,16.6131541241537,23.0878710920196,"CAAP",2021-11-01
"213",71,3,17.381206545649,14.2613917117068,20.7046349946681,"CAAP",2021-11-01
"214",72,1,32.195043766532,23.9553165525062,51.121874086607,"CAAP",2021-12-01
"215",72,2,16.9775778391913,13.2007223589476,21.827874638313,"CAAP",2021-12-01
"216",72,3,16.5066329050525,11.8338468154195,22.3073438289852,"CAAP",2021-12-01
"217",73,1,26.6944725428745,23.0028930191142,30.7275426508296,"CAAP",2022-01-01
"218",73,2,16.4950891094594,13.5895133823555,19.786696005954,"CAAP",2022-01-01
"219",73,3,13.2333226125613,10.2658952956266,16.2879571902587,"CAAP",2022-01-01
"220",74,1,27.7928759931815,23.2520996657297,32.3452530674884,"CAAP",2022-02-01
"221",74,2,17.2161453746032,14.3214884648553,20.3742341251291,"CAAP",2022-02-01
"222",74,3,12.9786058715343,10.0878225684661,15.7628785006392,"CAAP",2022-02-01
"223",75,1,28.1260326318905,20.5994772712158,36.1224812263567,"CAAP",2022-03-01
"224",75,2,19.3597601801292,14.8324813039187,24.4274863671517,"CAAP",2022-03-01
"225",75,3,18.1433759644991,13.6205537242669,23.1329215505463,"CAAP",2022-03-01
"226",76,1,22.7164182730956,16.7054558706836,29.3704991209701,"CAAP",2022-04-01
"227",76,2,16.1360371433343,12.3413466138558,20.2444920809575,"CAAP",2022-04-01
"228",76,3,16.5608330499013,12.5474037153421,20.7687400262043,"CAAP",2022-04-01
"229",77,1,6.83439690552967,4.70056968725162,9.05978469116591,"CAAP",2022-05-01
"230",77,2,5.4404265394664,3.68241792193062,7.28243274305036,"CAAP",2022-05-01
"231",77,3,8.47505593870422,6.25279870123759,10.8929094945551,"CAAP",2022-05-01
"232",78,1,5.35460277904933,3.41074127920686,7.38782633431884,"CAAP",2022-06-01
"233",78,2,4.73229760985343,2.92672470674106,6.51636089847525,"CAAP",2022-06-01
"234",78,3,7.03100149284995,5.10053132198009,9.09823110101685,"CAAP",2022-06-01
"235",79,1,5.50978457089759,3.2378936734116,7.880813921901,"CAAP",2022-07-01
"236",79,2,5.97769012627741,3.91228370289057,8.14435626954442,"CAAP",2022-07-01
"237",79,3,9.48867332764812,6.98807310911453,12.1233459712931,"CAAP",2022-07-01
"238",80,1,4.52392966871133,2.58911851621279,6.48672284898894,"CAAP",2022-08-01
"239",80,2,4.77600807323172,3.01894647205804,6.49122005561888,"CAAP",2022-08-01
"240",80,3,7.21043260858536,5.2831663352404,9.33018902183784,"CAAP",2022-08-01
"241",81,1,2.01855974003769,0.27526430731904,3.71737893403032,"CAAP",2022-09-01
"242",81,2,2.64111757812497,1.10107545098479,4.3053334354237,"CAAP",2022-09-01
"243",81,3,4.34925084005122,2.6129190826628,6.3714860177184,"CAAP",2022-09-01
"244",82,1,7.25267482650314,5.12549096150831,9.40525870353304,"CAAP",2022-10-01
"245",82,2,5.04691344869457,3.52058147917205,6.60654652857376,"CAAP",2022-10-01
"246",82,3,6.73184068778883,4.84177789983193,8.68939973946837,"CAAP",2022-10-01
"247",83,1,40.1089029110768,32.6100168908299,49.4363513061691,"CAAP",2022-11-01
"248",83,2,18.1294329306379,15.0499341811807,21.5594081253831,"CAAP",2022-11-01
"249",83,3,17.5055339553441,14.1634211888317,21.3415261139714,"CAAP",2022-11-01
"250",84,1,63.3849439418195,53.6114965779146,74.0627957416528,"CAAP",2022-12-01
"251",84,2,29.2248612089333,24.7404623467972,33.9420926503681,"CAAP",2022-12-01
"252",84,3,23.9240987155812,19.6038078983158,28.4290514721017,"CAAP",2022-12-01
"253",1,1,272.97589848714,249.817033725463,296.372947801029,"nonCAAP",2016-01-01
"254",1,2,109.217535386771,97.3948270874391,121.638409478461,"nonCAAP",2016-01-01
"255",1,3,128.993304612552,114.584718737829,144.027292330287,"nonCAAP",2016-01-01
"256",2,1,197.12690620892,177.246648346561,221.668461214799,"nonCAAP",2016-02-01
"257",2,2,82.3639871327778,70.3672033810661,95.464418240938,"nonCAAP",2016-02-01
"258",2,3,101.057986435898,86.5204739482978,116.703513654935,"nonCAAP",2016-02-01
"259",3,1,134.053931016429,121.436656505008,148.321550694045,"nonCAAP",2016-03-01
"260",3,2,64.6776293016594,56.0042913060229,73.9678792113182,"nonCAAP",2016-03-01
"261",3,3,79.0058446482485,68.4618872328013,89.7329838872707,"nonCAAP",2016-03-01
"262",4,1,125.655153586633,114.487136278016,136.962127916106,"nonCAAP",2016-04-01
"263",4,2,59.7931704536946,51.9910020870265,67.3090602135296,"nonCAAP",2016-04-01
"264",4,3,71.0838710214763,63.0699696622656,80.033451529754,"nonCAAP",2016-04-01
"265",5,1,118.005883163121,107.981461933703,129.077070835643,"nonCAAP",2016-05-01
"266",5,2,59.9374062209386,52.7377685638761,67.0289777893216,"nonCAAP",2016-05-01
"267",5,3,69.0766982072075,61.448760943104,76.8456021481719,"nonCAAP",2016-05-01
"268",6,1,112.75550232313,102.944212868839,123.587175325932,"nonCAAP",2016-06-01
"269",6,2,60.5679539303117,53.043603212385,68.5346167083746,"nonCAAP",2016-06-01
"270",6,3,68.9489319874722,60.9216496788946,77.348888408462,"nonCAAP",2016-06-01
"271",7,1,112.686648801823,102.734651179373,123.093327742837,"nonCAAP",2016-07-01
"272",7,2,63.8111516826231,56.5133074288736,71.1816895208493,"nonCAAP",2016-07-01
"273",7,3,71.0227808150083,63.0232411549761,78.6513766833318,"nonCAAP",2016-07-01
"274",8,1,119.98214763667,109.625591983617,130.565783597156,"nonCAAP",2016-08-01
"275",8,2,71.4634442903802,64.2344979654911,79.0643858883858,"nonCAAP",2016-08-01
"276",8,3,79.3370401465907,71.3015814166118,87.2244184020746,"nonCAAP",2016-08-01
"277",9,1,123.336602034506,111.898975192654,133.979626094861,"nonCAAP",2016-09-01
"278",9,2,74.395379419598,66.6442668850867,82.1074474540497,"nonCAAP",2016-09-01
"279",9,3,82.4102558696219,74.155012675901,90.7100292434576,"nonCAAP",2016-09-01
"280",10,1,131.363525749471,119.961376996506,142.743112874044,"nonCAAP",2016-10-01
"281",10,2,81.4575435219953,72.9734558808158,90.0592034321343,"nonCAAP",2016-10-01
"282",10,3,89.2804451246166,79.7087920461978,99.8349818805927,"nonCAAP",2016-10-01
"283",11,1,165.923707265391,154.141569526663,177.308659972082,"nonCAAP",2016-11-01
"284",11,2,91.0579451829979,83.0598757829988,98.9490937396197,"nonCAAP",2016-11-01
"285",11,3,97.4615492376841,88.9039539666137,105.973507057074,"nonCAAP",2016-11-01
"286",12,1,260.236711347656,238.414910464378,284.214196593049,"nonCAAP",2016-12-01
"287",12,2,128.461839940386,115.695092405315,142.100078662857,"nonCAAP",2016-12-01
"288",12,3,135.253604653839,119.543099435575,151.337638783571,"nonCAAP",2016-12-01
"289",13,1,286.916778199255,265.84658338663,308.271583187915,"nonCAAP",2017-01-01
"290",13,2,126.683572231276,115.195375251096,138.491819623488,"nonCAAP",2017-01-01
"291",13,3,139.171566653283,126.067867501237,152.233279612589,"nonCAAP",2017-01-01
"292",14,1,244.993320695338,224.95289212383,266.14485010448,"nonCAAP",2017-02-01
"293",14,2,98.0654600822996,87.8332470470513,108.08236119912,"nonCAAP",2017-02-01
"294",14,3,112.016489524613,100.429157950155,124.129869222849,"nonCAAP",2017-02-01
"295",15,1,191.656402014162,171.197091071584,214.155661815118,"nonCAAP",2017-03-01
"296",15,2,88.6257904629123,73.913237998321,103.224587891887,"nonCAAP",2017-03-01
"297",15,3,102.629238101637,86.439320366332,118.665198572673,"nonCAAP",2017-03-01
"298",16,1,136.069466131978,124.177702668517,148.974554552905,"nonCAAP",2017-04-01
"299",16,2,67.6326173544456,59.3339326662605,76.1727989897333,"nonCAAP",2017-04-01
"300",16,3,78.8693793753063,69.5764181811723,87.8487270496505,"nonCAAP",2017-04-01
"301",17,1,112.223235601628,102.13854304704,124.038889110644,"nonCAAP",2017-05-01
"302",17,2,58.5695933124923,51.4612542558504,65.6444225506511,"nonCAAP",2017-05-01
"303",17,3,70.8407387826311,62.9032213071798,80.1460946321662,"nonCAAP",2017-05-01
"304",18,1,114.23523195537,105.049269281543,123.689442206035,"nonCAAP",2017-06-01
"305",18,2,64.1146753200763,57.8303711603842,71.1534470205563,"nonCAAP",2017-06-01
"306",18,3,74.9948582220526,67.7286608349551,82.6312167880545,"nonCAAP",2017-06-01
"307",19,1,117.912083894888,109.468926330408,126.708999061948,"nonCAAP",2017-07-01
"308",19,2,69.4810546810962,63.4021055438991,75.9034759981965,"nonCAAP",2017-07-01
"309",19,3,79.736803908672,72.8045027439953,86.3180937182536,"nonCAAP",2017-07-01
"310",20,1,120.280995641782,111.0035643998,129.608061124059,"nonCAAP",2017-08-01
"311",20,2,73.4986803420499,67.0213186809238,80.3192534170365,"nonCAAP",2017-08-01
"312",20,3,83.1979025462298,75.8385201588353,90.6966469926201,"nonCAAP",2017-08-01
"313",21,1,126.726217476952,117.298811840731,136.154308474177,"nonCAAP",2017-09-01
"314",21,2,79.2148276788983,72.0374203701266,85.9785685997076,"nonCAAP",2017-09-01
"315",21,3,85.4748617103685,77.6435735426123,92.750747768364,"nonCAAP",2017-09-01
"316",22,1,133.175754299235,123.158675532729,143.33873009752,"nonCAAP",2017-10-01
"317",22,2,84.3321778766019,77.6072465267269,91.4532317192759,"nonCAAP",2017-10-01
"318",22,3,89.1237563770956,81.4976876738605,96.5761837496808,"nonCAAP",2017-10-01
"319",23,1,175.210860272928,163.580682124048,187.101209790987,"nonCAAP",2017-11-01
"320",23,2,99.7447969569071,91.4143429348641,107.836950476117,"nonCAAP",2017-11-01
"321",23,3,103.568927895857,94.9534529507939,112.857599795772,"nonCAAP",2017-11-01
"322",24,1,302.811445359823,277.59236091081,329.303678302906,"nonCAAP",2017-12-01
"323",24,2,147.545578221386,131.17018810162,163.976289092366,"nonCAAP",2017-12-01
"324",24,3,152.016483743632,134.38815303748,170.647744663702,"nonCAAP",2017-12-01
"325",25,1,319.447708908726,293.594416859894,345.511192689904,"nonCAAP",2018-01-01
"326",25,2,135.596534794628,122.402140164201,149.358911967515,"nonCAAP",2018-01-01
"327",25,3,147.458372609318,132.35838913915,162.477195709907,"nonCAAP",2018-01-01
"328",26,1,287.960174879066,263.276252059432,314.546846605967,"nonCAAP",2018-02-01
"329",26,2,111.161381584914,99.5405263471062,123.818887008357,"nonCAAP",2018-02-01
"330",26,3,130.704467178163,116.823093399705,146.128166381594,"nonCAAP",2018-02-01
"331",27,1,207.740494227788,190.207407977514,226.589195584738,"nonCAAP",2018-03-01
"332",27,2,87.1715903240711,77.9951359643888,97.0346345136798,"nonCAAP",2018-03-01
"333",27,3,106.330439572737,94.9386030447585,118.377754427242,"nonCAAP",2018-03-01
"334",28,1,141.154303743851,131.385114132466,151.748106625563,"nonCAAP",2018-04-01
"335",28,2,70.0758828485761,63.8430019891556,76.0371479578928,"nonCAAP",2018-04-01
"336",28,3,81.366358384726,74.4865820872715,88.9456348432116,"nonCAAP",2018-04-01
"337",29,1,120.485522441812,111.020928555101,130.558725771541,"nonCAAP",2018-05-01
"338",29,2,67.0753435844325,60.7793178099994,73.6987871305301,"nonCAAP",2018-05-01
"339",29,3,77.5866039254958,69.6673288515409,85.112392960822,"nonCAAP",2018-05-01
"340",30,1,122.274600228836,113.523095039401,131.095022300983,"nonCAAP",2018-06-01
"341",30,2,70.8972695061326,64.531199194061,77.3873186363426,"nonCAAP",2018-06-01
"342",30,3,80.3440294279461,72.491200821481,88.2019454920392,"nonCAAP",2018-06-01
"343",31,1,122.965976099151,114.112415583081,131.994068154403,"nonCAAP",2018-07-01
"344",31,2,74.7617467828269,68.4989313227831,81.2336114891566,"nonCAAP",2018-07-01
"345",31,3,86.081560037849,78.5726467167123,93.8483799064578,"nonCAAP",2018-07-01
"346",32,1,122.084025994851,113.275201967678,130.603210592289,"nonCAAP",2018-08-01
"347",32,2,76.8850112752004,70.7496051418941,83.4899560069428,"nonCAAP",2018-08-01
"348",32,3,83.8226445573758,76.6219065494898,91.0178876436645,"nonCAAP",2018-08-01
"349",33,1,123.794214437823,113.908771212982,133.168336968238,"nonCAAP",2018-09-01
"350",33,2,80.4585043446464,73.5793199186361,86.9763784363248,"nonCAAP",2018-09-01
"351",33,3,86.3422852192933,78.6002880862304,93.7131077387189,"nonCAAP",2018-09-01
"352",34,1,128.940774657572,119.275088007072,138.274332973955,"nonCAAP",2018-10-01
"353",34,2,85.2180414389911,78.4895136066959,92.1736865884642,"nonCAAP",2018-10-01
"354",34,3,90.6631958381434,83.7972707319535,98.519008560563,"nonCAAP",2018-10-01
"355",35,1,138.37257711324,128.383219494922,148.405479027771,"nonCAAP",2018-11-01
"356",35,2,89.4935208111785,82.218714923545,96.8394240446472,"nonCAAP",2018-11-01
"357",35,3,93.6331250379549,85.2917943971609,101.335952574694,"nonCAAP",2018-11-01
"358",36,1,207.401600211532,191.567366215368,225.866963238275,"nonCAAP",2018-12-01
"359",36,2,122.845298660486,112.096912465897,134.427150362205,"nonCAAP",2018-12-01
"360",36,3,126.051889471246,114.053970608079,138.197775504634,"nonCAAP",2018-12-01
"361",37,1,256.264216815846,237.388999731572,276.809952452819,"nonCAAP",2019-01-01
"362",37,2,132.928653037886,120.075922365485,145.483725244723,"nonCAAP",2019-01-01
"363",37,3,139.006103726936,124.529637085159,153.792356842997,"nonCAAP",2019-01-01
"364",38,1,270.526998250946,245.544193033252,303.561496498007,"nonCAAP",2019-02-01
"365",38,2,121.360748132776,108.390819753167,137.928796267322,"nonCAAP",2019-02-01
"366",38,3,139.523261893796,121.467616844389,160.545138134008,"nonCAAP",2019-02-01
"367",39,1,251.770942310846,231.026200313841,273.591771992281,"nonCAAP",2019-03-01
"368",39,2,97.9476518295908,88.6526017109613,107.491845144609,"nonCAAP",2019-03-01
"369",39,3,114.782914602636,103.776578480267,126.452293494215,"nonCAAP",2019-03-01
"370",40,1,182.563624061931,168.089146367445,197.089850878644,"nonCAAP",2019-04-01
"371",40,2,80.2763982663664,72.8238168252956,88.0414046075347,"nonCAAP",2019-04-01
"372",40,3,92.4896074183298,83.1097770172568,101.611728399953,"nonCAAP",2019-04-01
"373",41,1,129.576728991432,120.399122769365,139.383813449539,"nonCAAP",2019-05-01
"374",41,2,68.2830312089596,61.775082491798,75.2808506661339,"nonCAAP",2019-05-01
"375",41,3,79.1952114957033,72.228784482893,86.6916621638326,"nonCAAP",2019-05-01
"376",42,1,122.604890264679,113.898576697924,131.479054097506,"nonCAAP",2019-06-01
"377",42,2,72.1348656221182,65.2381376856321,78.9254877031892,"nonCAAP",2019-06-01
"378",42,3,84.16008421034,76.6072401811547,92.0046481401122,"nonCAAP",2019-06-01
"379",43,1,124.631540850345,114.012234712337,134.785486489663,"nonCAAP",2019-07-01
"380",43,2,77.9041170833784,70.1438576988067,86.1441531576228,"nonCAAP",2019-07-01
"381",43,3,90.2711757779317,80.2595199790374,100.286857724595,"nonCAAP",2019-07-01
"382",44,1,129.975529119633,120.130221689819,139.981495870191,"nonCAAP",2019-08-01
"383",44,2,84.7732330422483,77.5997429298791,92.4192260677217,"nonCAAP",2019-08-01
"384",44,3,96.1825084776533,87.7371269515307,105.658731501348,"nonCAAP",2019-08-01
"385",45,1,131.80412890211,122.525221376471,141.462394747012,"nonCAAP",2019-09-01
"386",45,2,88.9485812519469,82.4217954570205,95.700770294572,"nonCAAP",2019-09-01
"387",45,3,97.1597689649278,89.5891673114891,104.681607473668,"nonCAAP",2019-09-01
"388",46,1,150.668407801176,139.444992975044,163.132076072403,"nonCAAP",2019-10-01
"389",46,2,102.316847428223,93.7821895492641,111.65368225155,"nonCAAP",2019-10-01
"390",46,3,106.458572579502,97.8082159722428,116.693065599762,"nonCAAP",2019-10-01
"391",47,1,191.74889259276,178.973553201921,204.525171601845,"nonCAAP",2019-11-01
"392",47,2,120.211550631214,111.23897216275,129.33851463339,"nonCAAP",2019-11-01
"393",47,3,122.702981026765,113.209871176619,132.23533175592,"nonCAAP",2019-11-01
"394",48,1,276.637579182037,256.736562892296,297.962789032737,"nonCAAP",2019-12-01
"395",48,2,136.593368556105,125.374263793784,148.469162641057,"nonCAAP",2019-12-01
"396",48,3,147.217277106309,134.234950976953,161.747131417682,"nonCAAP",2019-12-01
"397",49,1,285.357016395408,260.984107291759,310.040047609187,"nonCAAP",2020-01-01
"398",49,2,124.696668333272,112.744422987296,137.782647748908,"nonCAAP",2020-01-01
"399",49,3,141.20466876287,126.649864555839,157.215124868502,"nonCAAP",2020-01-01
"400",50,1,246.752659724091,225.810293524259,268.869199547089,"nonCAAP",2020-02-01
"401",50,2,106.215612122988,95.2590097450316,117.823321062055,"nonCAAP",2020-02-01
"402",50,3,122.808455293401,108.523751658406,137.930449864112,"nonCAAP",2020-02-01
"403",51,1,241.008733770276,221.633427224485,260.221107119297,"nonCAAP",2020-03-01
"404",51,2,105.492930359769,95.6830504878874,115.124614321207,"nonCAAP",2020-03-01
"405",51,3,121.109174809044,109.138332095514,132.979769106255,"nonCAAP",2020-03-01
"406",52,1,137.274475986903,125.543140818505,149.295305118472,"nonCAAP",2020-04-01
"407",52,2,74.2880609515093,64.8503952404636,83.3152434196682,"nonCAAP",2020-04-01
"408",52,3,82.6952568674613,71.3165058562977,92.8145195542301,"nonCAAP",2020-04-01
"409",53,1,116.29853178394,105.325350035018,127.831681673292,"nonCAAP",2020-05-01
"410",53,2,68.8907039675613,60.3200289360611,77.119119538802,"nonCAAP",2020-05-01
"411",53,3,77.4864393131405,67.8019106132357,86.7016778381386,"nonCAAP",2020-05-01
"412",54,1,121.28637641668,110.999536718106,132.090475533014,"nonCAAP",2020-06-01
"413",54,2,75.4606383821438,67.7808826815616,83.6765141192568,"nonCAAP",2020-06-01
"414",54,3,84.9645123927484,76.4574045067026,93.6278335204411,"nonCAAP",2020-06-01
"415",55,1,125.448261988504,115.138279122804,136.026171351806,"nonCAAP",2020-07-01
"416",55,2,81.7016209695542,73.8987997516949,89.9770219128369,"nonCAAP",2020-07-01
"417",55,3,90.2103250595419,81.3908999663433,98.6807370353279,"nonCAAP",2020-07-01
"418",56,1,131.922546658738,121.524083716355,142.670202965576,"nonCAAP",2020-08-01
"419",56,2,86.9325119631114,78.9653405075402,94.5118042772137,"nonCAAP",2020-08-01
"420",56,3,94.0278796836415,85.9517764665553,102.425965998406,"nonCAAP",2020-08-01
"421",57,1,131.090830554639,119.517050460207,142.16047303023,"nonCAAP",2020-09-01
"422",57,2,89.0498683454812,80.4820063325701,97.3904419078003,"nonCAAP",2020-09-01
"423",57,3,94.1026507492006,85.0466449529696,103.268204429124,"nonCAAP",2020-09-01
"424",58,1,130.17885788362,118.239883624021,141.683499091771,"nonCAAP",2020-10-01
"425",58,2,89.5214216367134,80.0135855807399,98.9713759867919,"nonCAAP",2020-10-01
"426",58,3,93.7493671936564,83.6752461721178,103.882722088786,"nonCAAP",2020-10-01
"427",59,1,132.771908214379,119.79703346299,145.417150010657,"nonCAAP",2020-11-01
"428",59,2,90.2012666312229,80.3421784732754,100.088974983071,"nonCAAP",2020-11-01
"429",59,3,95.7273087967959,85.3936124950912,106.480264387467,"nonCAAP",2020-11-01
"430",60,1,136.461198477562,120.061157328182,156.222436790704,"nonCAAP",2020-12-01
"431",60,2,93.8395018410915,81.2612077935357,108.311273360235,"nonCAAP",2020-12-01
"432",60,3,98.364107468985,85.3414156496753,112.940288454687,"nonCAAP",2020-12-01
"433",61,1,135.308353577783,119.02016244839,154.990379002962,"nonCAAP",2021-01-01
"434",61,2,89.6276689313652,76.7036674733535,104.770318296672,"nonCAAP",2021-01-01
"435",61,3,100.216122215267,86.5660329948932,115.289955941158,"nonCAAP",2021-01-01
"436",62,1,126.128559861869,112.50867000072,140.74949818787,"nonCAAP",2021-02-01
"437",62,2,80.9418896572945,69.6428310763254,93.9200214327106,"nonCAAP",2021-02-01
"438",62,3,92.3685134391995,79.5955274133652,107.277986496794,"nonCAAP",2021-02-01
"439",63,1,125.157877575163,112.132357467387,138.204556481177,"nonCAAP",2021-03-01
"440",63,2,76.6479981337309,67.3556083077158,86.4819649874396,"nonCAAP",2021-03-01
"441",63,3,88.2042476845287,77.9225759963331,97.8430525704173,"nonCAAP",2021-03-01
"442",64,1,128.663068416655,116.861190829453,141.520424203492,"nonCAAP",2021-04-01
"443",64,2,79.0553015907614,70.8213389306491,87.4495678734395,"nonCAAP",2021-04-01
"444",64,3,90.5063215918052,81.6784456194498,99.139775546991,"nonCAAP",2021-04-01
"445",65,1,139.901522719573,125.948362576847,155.607324318828,"nonCAAP",2021-05-01
"446",65,2,88.2329645969752,78.8380373601524,98.4555085305006,"nonCAAP",2021-05-01
"447",65,3,101.838310526235,91.3498462054128,113.086441164369,"nonCAAP",2021-05-01
"448",66,1,175.467247203791,155.545296151136,197.277241461227,"nonCAAP",2021-06-01
"449",66,2,112.582240249085,98.0149658325581,127.904943334068,"nonCAAP",2021-06-01
"450",66,3,121.958522911366,106.737566566749,137.262144878901,"nonCAAP",2021-06-01
"451",67,1,229.516328487604,208.04147527165,251.573534012166,"nonCAAP",2021-07-01
"452",67,2,142.145000730644,126.806387401489,158.290284490381,"nonCAAP",2021-07-01
"453",67,3,147.931786094616,132.081371903218,163.741748784531,"nonCAAP",2021-07-01
"454",68,1,258.119129558936,236.137335687457,281.499571438907,"nonCAAP",2021-08-01
"455",68,2,150.062313580678,135.321646439949,166.697466497979,"nonCAAP",2021-08-01
"456",68,3,153.625422559402,137.607258561503,170.249477132582,"nonCAAP",2021-08-01
"457",69,1,260.89144906943,239.547358963619,282.796579038608,"nonCAAP",2021-09-01
"458",69,2,131.737595768768,120.295187791473,143.676382135715,"nonCAAP",2021-09-01
"459",69,3,140.96160799232,127.896201040351,153.633139737323,"nonCAAP",2021-09-01
"460",70,1,272.284424423018,245.369845678102,299.314856817918,"nonCAAP",2021-10-01
"461",70,2,124.52259573526,112.263877709095,137.257509871429,"nonCAAP",2021-10-01
"462",70,3,138.207856884739,123.766255540412,153.502709164892,"nonCAAP",2021-10-01
"463",71,1,272.595759841623,251.359269780884,295.217943257085,"nonCAAP",2021-11-01
"464",71,2,137.39992063588,124.763229727649,151.25375077981,"nonCAAP",2021-11-01
"465",71,3,154.158943570063,137.784057070121,170.875204615908,"nonCAAP",2021-11-01
"466",72,1,234.079605346593,210.54768637737,271.196750545827,"nonCAAP",2021-12-01
"467",72,2,137.18877929524,122.00031389386,157.480242532804,"nonCAAP",2021-12-01
"468",72,3,151.356838570476,131.346354029663,176.947540212076,"nonCAAP",2021-12-01
"469",73,1,227.197218912388,209.858143041841,245.014427146706,"nonCAAP",2022-01-01
"470",73,2,133.162093201463,121.066180729772,146.217997176735,"nonCAAP",2022-01-01
"471",73,3,142.307852572764,128.670135624966,156.951790374982,"nonCAAP",2022-01-01
"472",74,1,213.811822163748,197.319527115659,230.893009471741,"nonCAAP",2022-02-01
"473",74,2,119.779968124569,108.590769059631,131.221638948845,"nonCAAP",2022-02-01
"474",74,3,128.189202783425,115.866989043988,140.692182345101,"nonCAAP",2022-02-01
"475",75,1,187.425938763153,166.089902995929,213.880487840881,"nonCAAP",2022-03-01
"476",75,2,111.349854541865,96.6849904317877,127.099045546758,"nonCAAP",2022-03-01
"477",75,3,123.626478574466,107.725646104833,141.416129079474,"nonCAAP",2022-03-01
"478",76,1,172.134548345436,152.164408308835,195.487956302554,"nonCAAP",2022-04-01
"479",76,2,104.220729833253,89.8435777813887,120.042227917399,"nonCAAP",2022-04-01
"480",76,3,118.530848888277,102.964305167905,136.838108336575,"nonCAAP",2022-04-01
"481",77,1,137.678353599403,124.158643515807,151.194390200892,"nonCAAP",2022-05-01
"482",77,2,89.8512880983389,79.5393642956854,100.970122992392,"nonCAAP",2022-05-01
"483",77,3,101.417231806879,90.1355656303373,113.580282746149,"nonCAAP",2022-05-01
"484",78,1,140.295940492394,126.997209799887,153.027977764619,"nonCAAP",2022-06-01
"485",78,2,92.2516760205246,82.6039337476862,101.651177197491,"nonCAAP",2022-06-01
"486",78,3,103.386866097557,93.2958499629018,113.658700846769,"nonCAAP",2022-06-01
"487",79,1,145.443451020869,131.108872816395,159.53053703166,"nonCAAP",2022-07-01
"488",79,2,100.566323501838,89.8508292541798,110.963196710756,"nonCAAP",2022-07-01
"489",79,3,111.546929240269,100.465370821823,123.288133328376,"nonCAAP",2022-07-01
"490",80,1,145.886450465135,132.620441683359,158.845068908387,"nonCAAP",2022-08-01
"491",80,2,102.607513833763,93.0100582987458,111.708432860896,"nonCAAP",2022-08-01
"492",80,3,110.543679688101,100.78690062878,120.62621818667,"nonCAAP",2022-08-01
"493",81,1,140.003757267658,125.961169966371,153.622913988397,"nonCAAP",2022-09-01
"494",81,2,100.564673188768,90.6570003958606,110.791138350033,"nonCAAP",2022-09-01
"495",81,3,106.480764540001,95.7223070753731,117.347707763944,"nonCAAP",2022-09-01
"496",82,1,161.878599422225,147.61578558936,176.757571050321,"nonCAAP",2022-10-01
"497",82,2,111.720392523726,102.027021867763,121.732123113779,"nonCAAP",2022-10-01
"498",82,3,118.402669519181,107.658177232794,130.210463474706,"nonCAAP",2022-10-01
"499",83,1,266.120391427422,242.560760376036,290.675699954159,"nonCAAP",2022-11-01
"500",83,2,138.909163357888,125.32888510989,152.552673386141,"nonCAAP",2022-11-01
"501",83,3,156.334613470278,140.466358411267,173.627224493772,"nonCAAP",2022-11-01
"502",84,1,348.51003475057,319.072927120587,379.923428950961,"nonCAAP",2022-12-01
"503",84,2,165.478528861769,149.573096111062,182.05112167863,"nonCAAP",2022-12-01
"504",84,3,184.001902278381,166.158107330073,202.76995360309,"nonCAAP",2022-12-01
"505",1,1,1.66652900437308,1.008207953163,2.61364932251844,"bacteremic.pneumonia",2016-01-01
"506",1,2,2.64036951448245,1.68649480186867,3.88193465108411,"bacteremic.pneumonia",2016-01-01
"507",1,3,1.62680055939607,0.963835450130622,2.56244461087269,"bacteremic.pneumonia",2016-01-01
"508",2,1,1.37991875420364,0.784723690652936,2.18408007225223,"bacteremic.pneumonia",2016-02-01
"509",2,2,1.70416438513426,1.04293535568188,2.7060854757816,"bacteremic.pneumonia",2016-02-01
"510",2,3,1.55895509879674,0.953199918189272,2.29410444900557,"bacteremic.pneumonia",2016-02-01
"511",3,1,1.2441859221084,0.706207941491905,1.8671002543193,"bacteremic.pneumonia",2016-03-01
"512",3,2,1.45589998272274,0.844934045216475,2.19724618284093,"bacteremic.pneumonia",2016-03-01
"513",3,3,1.45811304733982,0.935728495251344,2.13093266046092,"bacteremic.pneumonia",2016-03-01
"514",4,1,1.12693570230997,0.693455284653752,1.62117409452196,"bacteremic.pneumonia",2016-04-01
"515",4,2,1.36576480647028,0.831625704288519,2.05245400989196,"bacteremic.pneumonia",2016-04-01
"516",4,3,1.31213248376049,0.847160145350513,1.80588285487694,"bacteremic.pneumonia",2016-04-01
"517",5,1,1.0755146697511,0.669879768498475,1.49987378573544,"bacteremic.pneumonia",2016-05-01
"518",5,2,1.42273574294885,0.967730304963119,1.92550066879401,"bacteremic.pneumonia",2016-05-01
"519",5,3,1.20933347669378,0.796394909987516,1.63765613436377,"bacteremic.pneumonia",2016-05-01
"520",6,1,0.895023160440363,0.491587181985152,1.32629405931917,"bacteremic.pneumonia",2016-06-01
"521",6,2,1.13760451730541,0.64675161575071,1.76973463414628,"bacteremic.pneumonia",2016-06-01
"522",6,3,1.09020246861101,0.668392187312595,1.52088215029027,"bacteremic.pneumonia",2016-06-01
"523",7,1,0.808731721369589,0.41661264641047,1.24101663745015,"bacteremic.pneumonia",2016-07-01
"524",7,2,1.08803798099202,0.636274076765724,1.5947365220054,"bacteremic.pneumonia",2016-07-01
"525",7,3,1.00422383459692,0.570514289702341,1.44397239821443,"bacteremic.pneumonia",2016-07-01
"526",8,1,0.761515859910372,0.359864510296355,1.20148963979884,"bacteremic.pneumonia",2016-08-01
"527",8,2,1.09390707747589,0.656350651889106,1.58573843327563,"bacteremic.pneumonia",2016-08-01
"528",8,3,0.990017742689717,0.56053964416537,1.44162444035942,"bacteremic.pneumonia",2016-08-01
"529",9,1,0.774105708331915,0.36638066420861,1.22033929491182,"bacteremic.pneumonia",2016-09-01
"530",9,2,1.16754664568609,0.72226514021783,1.66411030879409,"bacteremic.pneumonia",2016-09-01
"531",9,3,0.986010865565823,0.548929694925044,1.46655760250167,"bacteremic.pneumonia",2016-09-01
"532",10,1,0.848655802451105,0.457657966185184,1.29808264491947,"bacteremic.pneumonia",2016-10-01
"533",10,2,1.33564623345367,0.830946375750167,1.99450647710012,"bacteremic.pneumonia",2016-10-01
"534",10,3,1.01694136673738,0.59634463155746,1.51703227639049,"bacteremic.pneumonia",2016-10-01
"535",11,1,1.05771906620336,0.680322700004343,1.46081782804172,"bacteremic.pneumonia",2016-11-01
"536",11,2,1.76295234330199,1.27131965480925,2.30044177848431,"bacteremic.pneumonia",2016-11-01
"537",11,3,1.11371636777946,0.706214804798676,1.54350129330491,"bacteremic.pneumonia",2016-11-01
"538",12,1,1.64281609490592,0.90593842136049,2.50771003691438,"bacteremic.pneumonia",2016-12-01
"539",12,2,3.26263040929634,1.62643111592221,4.72344868268568,"bacteremic.pneumonia",2016-12-01
"540",12,3,1.35141810842057,0.831413153017669,2.03172060074012,"bacteremic.pneumonia",2016-12-01
"541",13,1,1.68522641204418,1.00675629315173,2.45669101664997,"bacteremic.pneumonia",2017-01-01
"542",13,2,3.13173573827008,1.88215529813095,4.42406814739518,"bacteremic.pneumonia",2017-01-01
"543",13,3,1.5198643702737,0.942483889850682,2.34715336863622,"bacteremic.pneumonia",2017-01-01
"544",14,1,1.36218357787321,0.926793937957871,1.82222474679998,"bacteremic.pneumonia",2017-02-01
"545",14,2,1.99877020219516,1.44429950479182,2.63400894930236,"bacteremic.pneumonia",2017-02-01
"546",14,3,1.39821259461306,0.96660786768457,1.87346830711205,"bacteremic.pneumonia",2017-02-01
"547",15,1,1.20886577111788,0.777931054681261,1.71665339959691,"bacteremic.pneumonia",2017-03-01
"548",15,2,1.6007154298619,0.976653517853714,2.61300642094698,"bacteremic.pneumonia",2017-03-01
"549",15,3,1.37755619079516,0.781105820531677,2.47821921103594,"bacteremic.pneumonia",2017-03-01
"550",16,1,1.04787663804758,0.643142177498714,1.52122443784161,"bacteremic.pneumonia",2017-04-01
"551",16,2,1.26945335755145,0.747399493238724,1.96869533154595,"bacteremic.pneumonia",2017-04-01
"552",16,3,1.25890160559594,0.754254049075498,1.95466066554864,"bacteremic.pneumonia",2017-04-01
"553",17,1,0.93912818980171,0.571496915725082,1.35207304276024,"bacteremic.pneumonia",2017-05-01
"554",17,2,1.11287950391481,0.659626388184512,1.59729476357602,"bacteremic.pneumonia",2017-05-01
"555",17,3,1.14133592072301,0.749056201276734,1.56529898626161,"bacteremic.pneumonia",2017-05-01
"556",18,1,0.895645717260046,0.517446062466362,1.3538542650606,"bacteremic.pneumonia",2017-06-01
"557",18,2,1.13351606045212,0.651301994744281,1.71486561471262,"bacteremic.pneumonia",2017-06-01
"558",18,3,1.08260169287124,0.715978760038716,1.49150667549234,"bacteremic.pneumonia",2017-06-01
"559",19,1,0.766482716460806,0.419609373237612,1.13445303088401,"bacteremic.pneumonia",2017-07-01
"560",19,2,1.05481459708794,0.672310345624111,1.51953185116118,"bacteremic.pneumonia",2017-07-01
"561",19,3,0.990361140038767,0.632594087369382,1.40845496407334,"bacteremic.pneumonia",2017-07-01
"562",20,1,0.715676454163256,0.35450553894728,1.1029054721144,"bacteremic.pneumonia",2017-08-01
"563",20,2,1.03244360185075,0.615025303525946,1.49597965133572,"bacteremic.pneumonia",2017-08-01
"564",20,3,0.940477603253843,0.546490769418665,1.39558575944401,"bacteremic.pneumonia",2017-08-01
"565",21,1,0.733283802024747,0.387376027447334,1.12115619632548,"bacteremic.pneumonia",2017-09-01
"566",21,2,1.13870582894526,0.69532021858536,1.591099485616,"bacteremic.pneumonia",2017-09-01
"567",21,3,0.911651096592918,0.516199903803251,1.3271078581361,"bacteremic.pneumonia",2017-09-01
"568",22,1,0.807266727280546,0.466681141947805,1.19639838594681,"bacteremic.pneumonia",2017-10-01
"569",22,2,1.26989903118361,0.86003135508737,1.71553943148199,"bacteremic.pneumonia",2017-10-01
"570",22,3,0.945341571267218,0.567539766586831,1.35055928591537,"bacteremic.pneumonia",2017-10-01
"571",23,1,1.09632802620022,0.718379573646782,1.51385652239013,"bacteremic.pneumonia",2017-11-01
"572",23,2,1.95884996909255,1.34947069206302,2.59224096557881,"bacteremic.pneumonia",2017-11-01
"573",23,3,1.06313150254583,0.660294872751714,1.48319494798423,"bacteremic.pneumonia",2017-11-01
"574",24,1,1.84915193727208,0.933567981351937,2.99796078379431,"bacteremic.pneumonia",2017-12-01
"575",24,2,3.84679423442485,1.85595855554709,5.7536176347975,"bacteremic.pneumonia",2017-12-01
"576",24,3,1.36580491991036,0.798417613546414,2.21542454290148,"bacteremic.pneumonia",2017-12-01
"577",25,1,1.7682056848925,1.04445193333612,2.66660896373491,"bacteremic.pneumonia",2018-01-01
"578",25,2,3.27417928634341,1.86092883063915,4.74362723204163,"bacteremic.pneumonia",2018-01-01
"579",25,3,1.49452739558115,0.924450351836464,2.21376783783235,"bacteremic.pneumonia",2018-01-01
"580",26,1,1.46022648330817,0.974293057499938,2.07253874477349,"bacteremic.pneumonia",2018-02-01
"581",26,2,2.18888754662963,1.45403806241334,3.17399944520498,"bacteremic.pneumonia",2018-02-01
"582",26,3,1.49224910670746,0.941596310400119,2.33615204474497,"bacteremic.pneumonia",2018-02-01
"583",27,1,1.14691829327363,0.728371898735473,1.62679108165132,"bacteremic.pneumonia",2018-03-01
"584",27,2,1.43732387227613,0.927834736149437,2.13294492228136,"bacteremic.pneumonia",2018-03-01
"585",27,3,1.39116169278944,0.914900300462012,1.98105972982771,"bacteremic.pneumonia",2018-03-01
"586",28,1,1.02853681095328,0.678457346171889,1.44650764302453,"bacteremic.pneumonia",2018-04-01
"587",28,2,1.2877471637119,0.868802314205996,1.77778371212974,"bacteremic.pneumonia",2018-04-01
"588",28,3,1.18692909400142,0.766055583628273,1.6235160785753,"bacteremic.pneumonia",2018-04-01
"589",29,1,0.899012327602258,0.543967519625765,1.27362421116922,"bacteremic.pneumonia",2018-05-01
"590",29,2,1.12438533087221,0.655140240791993,1.66058841012168,"bacteremic.pneumonia",2018-05-01
"591",29,3,1.14171630472874,0.735373161412765,1.59648948669128,"bacteremic.pneumonia",2018-05-01
"592",30,1,0.825426381134566,0.511811227513724,1.16325879762138,"bacteremic.pneumonia",2018-06-01
"593",30,2,1.10961297644402,0.682392880128623,1.61932923663194,"bacteremic.pneumonia",2018-06-01
"594",30,3,1.06053362503313,0.715443795880912,1.44994735772502,"bacteremic.pneumonia",2018-06-01
"595",31,1,0.726486199506154,0.414357788920079,1.07108591280724,"bacteremic.pneumonia",2018-07-01
"596",31,2,1.03019216656624,0.616245400505722,1.50550427108456,"bacteremic.pneumonia",2018-07-01
"597",31,3,0.987724111696207,0.619498976212285,1.40034071213203,"bacteremic.pneumonia",2018-07-01
"598",32,1,0.653488467827759,0.336959715094157,1.00444389456735,"bacteremic.pneumonia",2018-08-01
"599",32,2,0.963209654218026,0.567110353900007,1.41809766817639,"bacteremic.pneumonia",2018-08-01
"600",32,3,0.86385136813687,0.504601000700584,1.23348251797128,"bacteremic.pneumonia",2018-08-01
"601",33,1,0.639028913800233,0.311169199716388,1.00460248328168,"bacteremic.pneumonia",2018-09-01
"602",33,2,0.979720569373186,0.563264089196671,1.43323575193758,"bacteremic.pneumonia",2018-09-01
"603",33,3,0.835296712406651,0.464331849906807,1.21168044537691,"bacteremic.pneumonia",2018-09-01
"604",34,1,0.675246898560705,0.343393897080628,1.05549026179693,"bacteremic.pneumonia",2018-10-01
"605",34,2,1.01463859398535,0.60024100508327,1.50382847992148,"bacteremic.pneumonia",2018-10-01
"606",34,3,0.865457974738431,0.514458906485371,1.25168613053051,"bacteremic.pneumonia",2018-10-01
"607",35,1,0.832381587048661,0.537155241525418,1.18831111429529,"bacteremic.pneumonia",2018-11-01
"608",35,2,1.3303729160021,0.942663280283989,1.75487490822757,"bacteremic.pneumonia",2018-11-01
"609",35,3,0.943336366254247,0.60636592496289,1.30209565201958,"bacteremic.pneumonia",2018-11-01
"610",36,1,1.36901651711052,0.808235838068924,2.03497616439435,"bacteremic.pneumonia",2018-12-01
"611",36,2,2.72403587408241,1.59586754551844,3.88122896270415,"bacteremic.pneumonia",2018-12-01
"612",36,3,1.21250090571134,0.806006312356933,1.7507745276559,"bacteremic.pneumonia",2018-12-01
"613",37,1,1.62056229605267,0.875919718425487,2.48881343957094,"bacteremic.pneumonia",2019-01-01
"614",37,2,3.23454314666184,1.6913395116742,4.74801061714261,"bacteremic.pneumonia",2019-01-01
"615",37,3,1.37329730629068,0.848824958047218,2.16235428858878,"bacteremic.pneumonia",2019-01-01
"616",38,1,1.43696027971753,0.886422136818167,2.09060670749272,"bacteremic.pneumonia",2019-02-01
"617",38,2,2.45200235975303,1.6122540883053,3.54912590911864,"bacteremic.pneumonia",2019-02-01
"618",38,3,1.44623407912448,0.861464667941228,2.35114323762,"bacteremic.pneumonia",2019-02-01
"619",39,1,1.15626302060103,0.768575333405182,1.62531927886688,"bacteremic.pneumonia",2019-03-01
"620",39,2,1.57336248090784,1.07488265976936,2.13639789930985,"bacteremic.pneumonia",2019-03-01
"621",39,3,1.32196170038362,0.853432649012687,1.90566731955578,"bacteremic.pneumonia",2019-03-01
"622",40,1,0.971750533661109,0.618680424929758,1.40785763714039,"bacteremic.pneumonia",2019-04-01
"623",40,2,1.22338384655955,0.766647606560347,1.78524856117968,"bacteremic.pneumonia",2019-04-01
"624",40,3,1.16974426988876,0.704880556066999,1.74147835985292,"bacteremic.pneumonia",2019-04-01
"625",41,1,0.842101322016193,0.516595757629321,1.21088186709145,"bacteremic.pneumonia",2019-05-01
"626",41,2,1.02192018531854,0.593968850224456,1.5054072147262,"bacteremic.pneumonia",2019-05-01
"627",41,3,1.0222629106311,0.648821444644945,1.42966738400801,"bacteremic.pneumonia",2019-05-01
"628",42,1,0.744995280184738,0.450039436986263,1.08235374742564,"bacteremic.pneumonia",2019-06-01
"629",42,2,0.954424525950598,0.532526531052155,1.42996170919798,"bacteremic.pneumonia",2019-06-01
"630",42,3,0.969548644062275,0.596546379678182,1.38382998389625,"bacteremic.pneumonia",2019-06-01
"631",43,1,0.663554747146507,0.356856337153799,1.01380396553502,"bacteremic.pneumonia",2019-07-01
"632",43,2,0.929465571341072,0.425812564903799,1.48932891737254,"bacteremic.pneumonia",2019-07-01
"633",43,3,0.894136356378285,0.475463854553591,1.43989217012224,"bacteremic.pneumonia",2019-07-01
"634",44,1,0.617856861315204,0.299558500066461,0.978832313681052,"bacteremic.pneumonia",2019-08-01
"635",44,2,0.943277816337901,0.491311082823965,1.4936862310444,"bacteremic.pneumonia",2019-08-01
"636",44,3,0.857848196547538,0.440478344830693,1.36544843205923,"bacteremic.pneumonia",2019-08-01
"637",45,1,0.600335459872602,0.282222220821684,0.962352552345952,"bacteremic.pneumonia",2019-09-01
"638",45,2,0.96581538510645,0.540160054983403,1.46876757066233,"bacteremic.pneumonia",2019-09-01
"639",45,3,0.821347136809767,0.43997719184502,1.24229549101629,"bacteremic.pneumonia",2019-09-01
"640",46,1,0.780563730534727,0.468922132930827,1.13619353795315,"bacteremic.pneumonia",2019-10-01
"641",46,2,1.44075841020953,0.973441418583795,2.01907530469829,"bacteremic.pneumonia",2019-10-01
"642",46,3,0.872412079813682,0.523445446461818,1.24996764661655,"bacteremic.pneumonia",2019-10-01
"643",47,1,1.12592391926574,0.635567009349251,1.70352624045306,"bacteremic.pneumonia",2019-11-01
"644",47,2,2.32307271285389,1.45773201397409,3.2239965375244,"bacteremic.pneumonia",2019-11-01
"645",47,3,1.01597659977432,0.647594694625298,1.45272854329511,"bacteremic.pneumonia",2019-11-01
"646",48,1,1.38101894831133,0.794251073773305,2.09933423513152,"bacteremic.pneumonia",2019-12-01
"647",48,2,2.7414433093502,1.69305282824787,3.98649056755033,"bacteremic.pneumonia",2019-12-01
"648",48,3,1.26017832347834,0.730905705307392,2.19188822684997,"bacteremic.pneumonia",2019-12-01
"649",49,1,1.40811959112135,0.823892427533475,2.24131259461856,"bacteremic.pneumonia",2020-01-01
"650",49,2,2.35210731353026,1.48843489836954,3.62132324808472,"bacteremic.pneumonia",2020-01-01
"651",49,3,1.37168814323222,0.756574767665167,2.36022079102472,"bacteremic.pneumonia",2020-01-01
"652",50,1,1.3056029403292,0.754479106179354,2.234052085449,"bacteremic.pneumonia",2020-02-01
"653",50,2,1.90035479331974,1.18060590852958,2.91971923131647,"bacteremic.pneumonia",2020-02-01
"654",50,3,1.31519978021501,0.755431352921816,2.05239125750327,"bacteremic.pneumonia",2020-02-01
"655",51,1,1.22316953099252,0.787757277450091,1.70245868639965,"bacteremic.pneumonia",2020-03-01
"656",51,2,1.81471975283207,1.25228885289167,2.48957126104175,"bacteremic.pneumonia",2020-03-01
"657",51,3,1.30087733968772,0.791256387149301,1.9006162531204,"bacteremic.pneumonia",2020-03-01
"658",52,1,0.903379100571415,0.542013773185771,1.33170853270742,"bacteremic.pneumonia",2020-04-01
"659",52,2,1.1593433474754,0.688665006382323,1.65979997039039,"bacteremic.pneumonia",2020-04-01
"660",52,3,1.04566626034083,0.576233944410471,1.52597861691722,"bacteremic.pneumonia",2020-04-01
"661",53,1,0.757830520163072,0.414845327462966,1.1437373441311,"bacteremic.pneumonia",2020-05-01
"662",53,2,0.923851702981834,0.488506701330328,1.41139138123975,"bacteremic.pneumonia",2020-05-01
"663",53,3,0.936644568272815,0.494483906603353,1.37567927734631,"bacteremic.pneumonia",2020-05-01
"664",54,1,0.682541927581156,0.377391898047371,1.03191883980899,"bacteremic.pneumonia",2020-06-01
"665",54,2,0.932524260483878,0.457539249862676,1.49934052539532,"bacteremic.pneumonia",2020-06-01
"666",54,3,0.875337321400992,0.479410429354456,1.28333135444505,"bacteremic.pneumonia",2020-06-01
"667",55,1,0.602457661585411,0.302141716259205,0.94197705203618,"bacteremic.pneumonia",2020-07-01
"668",55,2,0.914372532274089,0.425926050341911,1.51189740429055,"bacteremic.pneumonia",2020-07-01
"669",55,3,0.802417597846042,0.41722274123621,1.19841596752643,"bacteremic.pneumonia",2020-07-01
"670",56,1,0.549307557201621,0.24626167441214,0.905891465986687,"bacteremic.pneumonia",2020-08-01
"671",56,2,0.89411426124963,0.421638811709616,1.41900022796626,"bacteremic.pneumonia",2020-08-01
"672",56,3,0.745914096307509,0.362190414206277,1.16210986414605,"bacteremic.pneumonia",2020-08-01
"673",57,1,0.529439018274672,0.2085900895514,0.896926855746,"bacteremic.pneumonia",2020-09-01
"674",57,2,0.877337062473134,0.404878723297187,1.38720441939978,"bacteremic.pneumonia",2020-09-01
"675",57,3,0.715722838118657,0.320406253312324,1.14073145723739,"bacteremic.pneumonia",2020-09-01
"676",58,1,0.555182223975771,0.222992576309644,0.947617076440325,"bacteremic.pneumonia",2020-10-01
"677",58,2,0.876579927936058,0.398943523752783,1.43038071667422,"bacteremic.pneumonia",2020-10-01
"678",58,3,0.729516311667925,0.323946409955152,1.15286500030897,"bacteremic.pneumonia",2020-10-01
"679",59,1,0.625381781142938,0.275183540861423,1.05085411054959,"bacteremic.pneumonia",2020-11-01
"680",59,2,0.950201666888503,0.442639697932377,1.564653391506,"bacteremic.pneumonia",2020-11-01
"681",59,3,0.79610640051016,0.362080281812751,1.21824659980559,"bacteremic.pneumonia",2020-11-01
"682",60,1,0.716193922628189,0.333194641373307,1.19415879045352,"bacteremic.pneumonia",2020-12-01
"683",60,2,1.00514773089456,0.472864609670394,1.66563866571443,"bacteremic.pneumonia",2020-12-01
"684",60,3,0.883402582556932,0.418399174197089,1.35154130544836,"bacteremic.pneumonia",2020-12-01
"685",61,1,0.797443987868725,0.353031766778581,1.31732664629003,"bacteremic.pneumonia",2021-01-01
"686",61,2,1.02961298560877,0.477198899254814,1.68847170488158,"bacteremic.pneumonia",2021-01-01
"687",61,3,0.999196559199275,0.459712906653425,1.61573131818953,"bacteremic.pneumonia",2021-01-01
"688",62,1,0.839405331774281,0.3791647193473,1.38027532770595,"bacteremic.pneumonia",2021-02-01
"689",62,2,1.05630182388513,0.432345644547083,2.08458308335492,"bacteremic.pneumonia",2021-02-01
"690",62,3,1.01871577672858,0.502010272122676,1.59117109589152,"bacteremic.pneumonia",2021-02-01
"691",63,1,0.829765130560392,0.391458144051149,1.35038240744071,"bacteremic.pneumonia",2021-03-01
"692",63,2,0.988442937441217,0.478886130784513,1.55658339770683,"bacteremic.pneumonia",2021-03-01
"693",63,3,1.01925932769918,0.531335274672307,1.59172850602366,"bacteremic.pneumonia",2021-03-01
"694",64,1,0.798460440133518,0.392665254381212,1.28300359614537,"bacteremic.pneumonia",2021-04-01
"695",64,2,0.98117016354779,0.498688331846219,1.52630589807329,"bacteremic.pneumonia",2021-04-01
"696",64,3,1.02032173792625,0.527753590467258,1.52355489185326,"bacteremic.pneumonia",2021-04-01
"697",65,1,0.771201845834995,0.385283546772078,1.18557703847613,"bacteremic.pneumonia",2021-05-01
"698",65,2,1.07139875335494,0.587469583396557,1.66717915554712,"bacteremic.pneumonia",2021-05-01
"699",65,3,1.01698613042386,0.522643972248026,1.55477352148107,"bacteremic.pneumonia",2021-05-01
"700",66,1,0.891637987374166,0.434372599352018,1.3797476650373,"bacteremic.pneumonia",2021-06-01
"701",66,2,1.65742591104734,0.957885079935823,2.59126578377196,"bacteremic.pneumonia",2021-06-01
"702",66,3,0.990623223140389,0.445653147463576,1.93875518379736,"bacteremic.pneumonia",2021-06-01
"703",67,1,1.17967709663302,0.381031022019416,2.08887975872287,"bacteremic.pneumonia",2021-07-01
"704",67,2,2.76960058782609,1.36504684863624,4.23332799388012,"bacteremic.pneumonia",2021-07-01
"705",67,3,1.01420790887815,0.476064450993467,1.7790690659159,"bacteremic.pneumonia",2021-07-01
"706",68,1,1.21470596424093,0.299802375227081,2.23287943918615,"bacteremic.pneumonia",2021-08-01
"707",68,2,2.98078644660309,1.29447007092657,4.60009974096405,"bacteremic.pneumonia",2021-08-01
"708",68,3,0.921487800381074,0.391341994208583,1.6950986301006,"bacteremic.pneumonia",2021-08-01
"709",69,1,0.829240044843258,0.320906212886155,1.36851638718363,"bacteremic.pneumonia",2021-09-01
"710",69,2,1.77878165304356,1.15073727122602,2.47112277740609,"bacteremic.pneumonia",2021-09-01
"711",69,3,0.838494958809815,0.388946873488753,1.32908245100237,"bacteremic.pneumonia",2021-09-01
"712",70,1,0.683687156891101,0.280074488141272,1.13188999872425,"bacteremic.pneumonia",2021-10-01
"713",70,2,1.22817708917928,0.741305232027231,1.78910110461678,"bacteremic.pneumonia",2021-10-01
"714",70,3,0.840227140471828,0.407052665974696,1.30909201684968,"bacteremic.pneumonia",2021-10-01
"715",71,1,0.93234394305153,0.461835260812416,1.45106845286563,"bacteremic.pneumonia",2021-11-01
"716",71,2,1.82139758831805,1.20006611570565,2.65366969224565,"bacteremic.pneumonia",2021-11-01
"717",71,3,0.994877447716703,0.515406173875883,1.59851809528861,"bacteremic.pneumonia",2021-11-01
"718",72,1,1.13766476197989,0.575224423142314,1.82700272633102,"bacteremic.pneumonia",2021-12-01
"719",72,2,2.29599654760564,1.46422689625272,3.37770335495993,"bacteremic.pneumonia",2021-12-01
"720",72,3,1.11585231556575,0.544827312820297,1.9269504127796,"bacteremic.pneumonia",2021-12-01
"721",73,1,1.29319475946235,0.621710282020683,2.02530419505805,"bacteremic.pneumonia",2022-01-01
"722",73,2,2.60484406394751,1.61768042913649,3.73311358971294,"bacteremic.pneumonia",2022-01-01
"723",73,3,1.18286023164493,0.555266988924631,1.95059879432984,"bacteremic.pneumonia",2022-01-01
"724",74,1,1.19552415965816,0.580782429687763,1.82699607420142,"bacteremic.pneumonia",2022-02-01
"725",74,2,2.16876812999085,1.31768137942894,2.99201232214517,"bacteremic.pneumonia",2022-02-01
"726",74,3,1.10971018433312,0.571266311107075,1.67450859682073,"bacteremic.pneumonia",2022-02-01
"727",75,1,1.01094598467658,0.497022134880057,1.55846612234808,"bacteremic.pneumonia",2022-03-01
"728",75,2,1.60754180321704,0.977572671108622,2.40896235891412,"bacteremic.pneumonia",2022-03-01
"729",75,3,1.10685632605135,0.550533386453983,1.72679492155015,"bacteremic.pneumonia",2022-03-01
"730",76,1,0.88308612866952,0.403792915506753,1.41113205777955,"bacteremic.pneumonia",2022-04-01
"731",76,2,1.31486053091744,0.67230920385603,2.26289055647368,"bacteremic.pneumonia",2022-04-01
"732",76,3,1.07019400638049,0.506996058557221,1.71913782926114,"bacteremic.pneumonia",2022-04-01
"733",77,1,0.699782461360461,0.263820421452146,1.17970110040429,"bacteremic.pneumonia",2022-05-01
"734",77,2,0.979746028012136,0.378187534819533,1.84278718840168,"bacteremic.pneumonia",2022-05-01
"735",77,3,0.938263202876119,0.404627654714613,1.48339636845082,"bacteremic.pneumonia",2022-05-01
"736",78,1,0.618867370036624,0.201390652843385,1.03852536617617,"bacteremic.pneumonia",2022-06-01
"737",78,2,0.956617328223569,0.403058772122559,1.58533564998865,"bacteremic.pneumonia",2022-06-01
"738",78,3,0.857469246891524,0.367218981668786,1.34377982881832,"bacteremic.pneumonia",2022-06-01
"739",79,1,0.55252190509236,0.144452719318682,0.984884776226092,"bacteremic.pneumonia",2022-07-01
"740",79,2,0.971106844674568,0.407861013765622,1.63068302670816,"bacteremic.pneumonia",2022-07-01
"741",79,3,0.807324861045113,0.318835351028837,1.39360290193543,"bacteremic.pneumonia",2022-07-01
"742",80,1,0.494558705255069,0.0729685890928841,0.91723309606081,"bacteremic.pneumonia",2022-08-01
"743",80,2,0.939797040843904,0.391928670794568,1.49150937779125,"bacteremic.pneumonia",2022-08-01
"744",80,3,0.70626362206631,0.234815767182362,1.1738537363181,"bacteremic.pneumonia",2022-08-01
"745",81,1,0.447056155841128,0.0177664441955638,0.907473974875475,"bacteremic.pneumonia",2022-09-01
"746",81,2,0.815483586173286,0.230426488214683,1.43298466013635,"bacteremic.pneumonia",2022-09-01
"747",81,3,0.65292363879958,0.162476078896363,1.13763915134199,"bacteremic.pneumonia",2022-09-01
"748",82,1,0.569614099982054,0.123207801639056,1.02300034744847,"bacteremic.pneumonia",2022-10-01
"749",82,2,1.11844735546804,0.581901813844354,1.70290712718779,"bacteremic.pneumonia",2022-10-01
"750",82,3,0.707575129054934,0.243774697242418,1.18159116604421,"bacteremic.pneumonia",2022-10-01
"751",83,1,0.836456470682901,0.329007875943343,1.37801324746163,"bacteremic.pneumonia",2022-11-01
"752",83,2,1.61812965501982,1.02116170616291,2.3257877626352,"bacteremic.pneumonia",2022-11-01
"753",83,3,0.957011997235968,0.432154197508102,1.52577873704388,"bacteremic.pneumonia",2022-11-01
"754",84,1,1.26624134355361,0.554203366578686,2.09743284613432,"bacteremic.pneumonia",2022-12-01
"755",84,2,2.63531790586162,1.66461796780243,3.70877174598557,"bacteremic.pneumonia",2022-12-01
"756",84,3,1.19799649047265,0.57125530105566,1.9166675713253,"bacteremic.pneumonia",2022-12-01
"757",1,1,5.58239238245528,4.3524833889786,6.99290539134353,"other.IPD",2016-01-01
"758",1,2,4.49410244460688,3.41201519752743,5.86963333482774,"other.IPD",2016-01-01
"759",1,3,3.03868979335415,2.05878327995356,4.16505210408559,"other.IPD",2016-01-01
"760",2,1,5.05107334334478,3.98021430749206,6.3058683820805,"other.IPD",2016-02-01
"761",2,2,4.16661092873381,3.13778977583013,5.40552489147213,"other.IPD",2016-02-01
"762",2,3,2.8235084556168,2.02238904925323,3.78417696038098,"other.IPD",2016-02-01
"763",3,1,4.46649921858074,3.52535918042824,5.51455408765585,"other.IPD",2016-03-01
"764",3,2,3.65571506447463,2.81538676401792,4.64790683913034,"other.IPD",2016-03-01
"765",3,3,2.53314742014575,1.68003195905582,3.541191538066,"other.IPD",2016-03-01
"766",4,1,3.72870584523003,2.94572483371831,4.65393013454311,"other.IPD",2016-04-01
"767",4,2,2.9512228185624,2.22435101296113,3.77337496850386,"other.IPD",2016-04-01
"768",4,3,1.73875722784789,1.13528749491913,2.42965817952329,"other.IPD",2016-04-01
"769",5,1,3.227410247378,2.49670531203379,4.09451370992941,"other.IPD",2016-05-01
"770",5,2,2.48598401439184,1.81924980554944,3.21589591038563,"other.IPD",2016-05-01
"771",5,3,1.17979322584151,0.709040007649075,1.66389818344051,"other.IPD",2016-05-01
"772",6,1,2.99215074645968,2.1908067136078,3.8846353326525,"other.IPD",2016-06-01
"773",6,2,2.23265157679721,1.46986724893102,3.01540597073997,"other.IPD",2016-06-01
"774",6,3,0.856257520384793,0.355164057917219,1.42205925223936,"other.IPD",2016-06-01
"775",7,1,2.84109576459288,2.04441246777816,3.70268848131951,"other.IPD",2016-07-01
"776",7,2,2.07719236797063,1.38147237787712,2.82514570701708,"other.IPD",2016-07-01
"777",7,3,0.682877113664666,0.200087305332069,1.20184562950216,"other.IPD",2016-07-01
"778",8,1,3.01342726504079,2.25800817449869,3.86740087328372,"other.IPD",2016-08-01
"779",8,2,2.27869552216363,1.6340159649113,2.97261457727092,"other.IPD",2016-08-01
"780",8,3,0.99115591209867,0.519336248009211,1.46134568856544,"other.IPD",2016-08-01
"781",9,1,3.23292146126314,2.43785039156837,4.06923434618037,"other.IPD",2016-09-01
"782",9,2,2.52539304298799,1.89097517242221,3.22241443968356,"other.IPD",2016-09-01
"783",9,3,1.17935914801628,0.719359509621567,1.68298922443002,"other.IPD",2016-09-01
"784",10,1,3.793432381084,2.94951218456782,4.68022428751636,"other.IPD",2016-10-01
"785",10,2,3.00920837580404,2.28391159578725,3.82439629471511,"other.IPD",2016-10-01
"786",10,3,1.56308731338599,1.00981584443446,2.21904921975465,"other.IPD",2016-10-01
"787",11,1,4.2351489067318,3.45145345097266,5.16176505464777,"other.IPD",2016-11-01
"788",11,2,3.31034571893001,2.64672481614113,4.03065106151815,"other.IPD",2016-11-01
"789",11,3,1.83170903640193,1.25558879933611,2.43582807785843,"other.IPD",2016-11-01
"790",12,1,5.08446642612195,4.02917841676748,6.39013234609754,"other.IPD",2016-12-01
"791",12,2,3.91618237785382,3.06562634393668,5.00520160321426,"other.IPD",2016-12-01
"792",12,3,2.43345445943111,1.62410228995239,3.43287030224835,"other.IPD",2016-12-01
"793",13,1,5.53782794288531,4.3714992742348,6.98575087603322,"other.IPD",2017-01-01
"794",13,2,4.31072043898879,3.36220250613671,5.46310928539941,"other.IPD",2017-01-01
"795",13,3,2.92987503301705,2.08874816793797,3.99894743495296,"other.IPD",2017-01-01
"796",14,1,4.75118937807604,3.91693843782563,5.67427612779577,"other.IPD",2017-02-01
"797",14,2,3.75330974340396,3.03957544178947,4.51083735142296,"other.IPD",2017-02-01
"798",14,3,2.37194256025221,1.77000500746922,2.99452267290592,"other.IPD",2017-02-01
"799",15,1,4.39529451559388,3.43449392245721,5.65016734850897,"other.IPD",2017-03-01
"800",15,2,3.57265062013175,2.6974917554141,4.81100438868686,"other.IPD",2017-03-01
"801",15,3,2.79533609599658,1.52345808047246,4.93763034387056,"other.IPD",2017-03-01
"802",16,1,3.65802608305208,2.85420229737532,4.58415516902158,"other.IPD",2017-04-01
"803",16,2,2.90004607671837,2.16306537515601,3.7346740883631,"other.IPD",2017-04-01
"804",16,3,1.93424972071779,1.03750238233287,3.23952423052939,"other.IPD",2017-04-01
"805",17,1,3.22462567949683,2.52578268409384,4.00378963201643,"other.IPD",2017-05-01
"806",17,2,2.55148038599563,1.90783449103487,3.22589429036452,"other.IPD",2017-05-01
"807",17,3,1.20816010217687,0.662594808494997,1.75148127766711,"other.IPD",2017-05-01
"808",18,1,3.01312367223682,2.30785493234106,3.79603624631528,"other.IPD",2017-06-01
"809",18,2,2.3398945066501,1.67343562297919,3.03143243811693,"other.IPD",2017-06-01
"810",18,3,0.984249953513419,0.522298284165803,1.48976360670317,"other.IPD",2017-06-01
"811",19,1,2.91502391914272,2.21005586921732,3.63931085450363,"other.IPD",2017-07-01
"812",19,2,2.25937664185445,1.65652710254715,2.92277215052919,"other.IPD",2017-07-01
"813",19,3,0.964243964143243,0.525448607359574,1.46754673299509,"other.IPD",2017-07-01
"814",20,1,2.9239814153985,2.23961411420797,3.68820003875857,"other.IPD",2017-08-01
"815",20,2,2.29552942860207,1.70411045964651,2.99969310831465,"other.IPD",2017-08-01
"816",20,3,0.991608549629211,0.543412241594588,1.52209910168127,"other.IPD",2017-08-01
"817",21,1,3.18881816346278,2.49185518233322,3.92189667543139,"other.IPD",2017-09-01
"818",21,2,2.43621613658004,1.82865046981672,3.02245835807921,"other.IPD",2017-09-01
"819",21,3,1.07107743612212,0.669444501077079,1.50243420809235,"other.IPD",2017-09-01
"820",22,1,3.72276134368633,2.97160248711466,4.52652204079226,"other.IPD",2017-10-01
"821",22,2,2.8413917157829,2.25560914386268,3.48234604156966,"other.IPD",2017-10-01
"822",22,3,1.40799517279484,0.933726122969652,1.89386689805894,"other.IPD",2017-10-01
"823",23,1,4.1307111471411,3.32827202743647,4.99026368180368,"other.IPD",2017-11-01
"824",23,2,3.18106773986346,2.50053037784554,3.88143958148148,"other.IPD",2017-11-01
"825",23,3,1.68306437136325,1.0754710614837,2.3457308353114,"other.IPD",2017-11-01
"826",24,1,4.95814131246204,3.81670897710941,6.65476192480439,"other.IPD",2017-12-01
"827",24,2,3.83796993231294,2.89883323823282,5.23865997071818,"other.IPD",2017-12-01
"828",24,3,2.32081966622672,1.46844797770292,3.63628279912366,"other.IPD",2017-12-01
"829",25,1,5.32462829223191,4.23465855175197,6.64305425445068,"other.IPD",2018-01-01
"830",25,2,4.14420943221335,3.23396061592094,5.19998797835221,"other.IPD",2018-01-01
"831",25,3,2.68024253074159,1.84435623389458,3.66491730040662,"other.IPD",2018-01-01
"832",26,1,5.36712732759168,4.17517200338789,6.82236451068449,"other.IPD",2018-02-01
"833",26,2,4.14556372645954,3.2090251077937,5.2892172658018,"other.IPD",2018-02-01
"834",26,3,2.85690457148254,2.0046054494519,3.9850769954094,"other.IPD",2018-02-01
"835",27,1,4.74121970510206,3.84239086096861,5.8060949871413,"other.IPD",2018-03-01
"836",27,2,3.7553858709761,2.97981174602479,4.64052091017406,"other.IPD",2018-03-01
"837",27,3,2.72603267459277,1.93816454492279,3.58978700359912,"other.IPD",2018-03-01
"838",28,1,3.61512651368989,2.92271057862663,4.32780466167212,"other.IPD",2018-04-01
"839",28,2,2.81726636565239,2.17853728346415,3.4373436919377,"other.IPD",2018-04-01
"840",28,3,1.62443115931681,1.12890663701735,2.19441175378333,"other.IPD",2018-04-01
"841",29,1,3.29531772765998,2.5706372928661,4.03828621509606,"other.IPD",2018-05-01
"842",29,2,2.53307654570575,1.9029400264502,3.19349244725552,"other.IPD",2018-05-01
"843",29,3,1.53347610841952,0.877898916667742,2.27458184005929,"other.IPD",2018-05-01
"844",30,1,3.08226949875594,2.35752522002681,3.81968795732502,"other.IPD",2018-06-01
"845",30,2,2.31782117583096,1.66101130965336,2.95864757302738,"other.IPD",2018-06-01
"846",30,3,1.22197606927815,0.694443506495254,1.77479967374231,"other.IPD",2018-06-01
"847",31,1,2.91950886179991,2.21722112995033,3.61690160429037,"other.IPD",2018-07-01
"848",31,2,2.30633952904836,1.67888893757017,2.97235211365586,"other.IPD",2018-07-01
"849",31,3,1.20897445370861,0.706158571586099,1.78295086569849,"other.IPD",2018-07-01
"850",32,1,2.8244832731958,2.17960532553469,3.49610747337857,"other.IPD",2018-08-01
"851",32,2,2.10770143769423,1.53054274773257,2.65615488466589,"other.IPD",2018-08-01
"852",32,3,0.809992331099721,0.440091324023343,1.22569584621034,"other.IPD",2018-08-01
"853",33,1,3.04766065823285,2.36513171754254,3.72775055982265,"other.IPD",2018-09-01
"854",33,2,2.31001150266279,1.73489591975671,2.85294720907333,"other.IPD",2018-09-01
"855",33,3,0.979252873440827,0.607538085423899,1.38499405033529,"other.IPD",2018-09-01
"856",34,1,3.67699879685652,2.90975174916374,4.44051647635762,"other.IPD",2018-10-01
"857",34,2,2.80528384039261,2.20122444153914,3.44145234758944,"other.IPD",2018-10-01
"858",34,3,1.41470044333601,0.950309278069314,1.90440025057104,"other.IPD",2018-10-01
"859",35,1,4.08128562831975,3.3417437532778,4.89771690960697,"other.IPD",2018-11-01
"860",35,2,3.12951956293936,2.51221948624609,3.80363429823548,"other.IPD",2018-11-01
"861",35,3,1.70945414146987,1.20150391455985,2.27287458221717,"other.IPD",2018-11-01
"862",36,1,4.85327794035337,4.01058038082776,5.89104539362126,"other.IPD",2018-12-01
"863",36,2,3.8236796971866,3.00401297919619,4.67986080875983,"other.IPD",2018-12-01
"864",36,3,2.40280600376628,1.78213679824724,3.16462442731332,"other.IPD",2018-12-01
"865",37,1,5.23956837746614,4.16865867325265,6.65389178047859,"other.IPD",2019-01-01
"866",37,2,4.05520802265437,3.03478775222223,5.21176100140519,"other.IPD",2019-01-01
"867",37,3,2.7540120886012,1.94994286275284,3.79542974833567,"other.IPD",2019-01-01
"868",38,1,5.4855507726124,4.1832909354802,7.19165390881013,"other.IPD",2019-02-01
"869",38,2,4.23219006800918,3.19729953957104,5.57592350920898,"other.IPD",2019-02-01
"870",38,3,3.22138349730151,2.13659147047147,4.53444285480762,"other.IPD",2019-02-01
"871",39,1,4.50381735840876,3.71469499450781,5.42996756734229,"other.IPD",2019-03-01
"872",39,2,3.42356594321873,2.72367995020353,4.16114640064367,"other.IPD",2019-03-01
"873",39,3,2.45185309306014,1.72772194142663,3.31837875269091,"other.IPD",2019-03-01
"874",40,1,3.62510395329936,2.92731059627176,4.42536733332384,"other.IPD",2019-04-01
"875",40,2,2.76833447733018,2.09900642512265,3.47011393870453,"other.IPD",2019-04-01
"876",40,3,1.78413658373513,1.06244770167519,2.69055742753053,"other.IPD",2019-04-01
"877",41,1,3.04509396014866,2.36634714216831,3.7129949105971,"other.IPD",2019-05-01
"878",41,2,2.35393636326096,1.77389815478073,2.93408475404421,"other.IPD",2019-05-01
"879",41,3,1.07286787271061,0.54753711399114,1.58998685094353,"other.IPD",2019-05-01
"880",42,1,2.939441912902,2.26991128308158,3.66791999246859,"other.IPD",2019-06-01
"881",42,2,2.32836828482409,1.69199185289098,3.01786965721617,"other.IPD",2019-06-01
"882",42,3,1.12731402281564,0.540103918838238,1.75854267473183,"other.IPD",2019-06-01
"883",43,1,2.87887075182332,2.11915023628902,3.69600708630302,"other.IPD",2019-07-01
"884",43,2,2.32096176895655,1.54126254242325,3.2923266469485,"other.IPD",2019-07-01
"885",43,3,1.16042418394494,0.448710863613263,2.05087807049281,"other.IPD",2019-07-01
"886",44,1,3.06424890967432,2.34078682008732,3.85746320223878,"other.IPD",2019-08-01
"887",44,2,2.45064282315788,1.745780423612,3.33584002442201,"other.IPD",2019-08-01
"888",44,3,1.25684235074235,0.650432781989241,2.05129059736338,"other.IPD",2019-08-01
"889",45,1,3.31415037908047,2.59247041697196,4.03072807166298,"other.IPD",2019-09-01
"890",45,2,2.59695927429322,1.9806900641062,3.26752608916759,"other.IPD",2019-09-01
"891",45,3,1.33326152993655,0.866618484724623,1.88602811111573,"other.IPD",2019-09-01
"892",46,1,3.90501307308784,3.0938306452983,4.79248812570991,"other.IPD",2019-10-01
"893",46,2,2.99617388626663,2.31548303153728,3.68591697305837,"other.IPD",2019-10-01
"894",46,3,1.62043379104212,1.08758336510876,2.22954328792911,"other.IPD",2019-10-01
"895",47,1,4.35130764454237,3.55292747442955,5.25039885437003,"other.IPD",2019-11-01
"896",47,2,3.37444715501346,2.67854532123124,4.12097220276205,"other.IPD",2019-11-01
"897",47,3,1.98808981870393,1.41336328524019,2.64516715974443,"other.IPD",2019-11-01
"898",48,1,5.3442058462207,4.176848343247,6.93741344357002,"other.IPD",2019-12-01
"899",48,2,4.13269368426665,3.17764919971926,5.41310821562612,"other.IPD",2019-12-01
"900",48,3,2.81718754301142,1.91932600831609,4.02675271948516,"other.IPD",2019-12-01
"901",49,1,5.46167114787124,4.25361149202602,7.11444549467968,"other.IPD",2020-01-01
"902",49,2,4.24545039000532,3.19887790709371,5.59131409629996,"other.IPD",2020-01-01
"903",49,3,2.94537129734084,1.98244698251773,4.17058296171961,"other.IPD",2020-01-01
"904",50,1,4.68044677936203,3.68601387282471,5.80133464186837,"other.IPD",2020-02-01
"905",50,2,3.78665916806537,2.85553055800555,4.94707143738245,"other.IPD",2020-02-01
"906",50,3,2.54186819928914,1.75591814334838,3.4988505032543,"other.IPD",2020-02-01
"907",51,1,4.39453573621121,3.54497208003377,5.34879014322432,"other.IPD",2020-03-01
"908",51,2,3.53999273072842,2.78815618627785,4.33344556445198,"other.IPD",2020-03-01
"909",51,3,2.5831284348923,1.7950590302138,3.48367339295095,"other.IPD",2020-03-01
"910",52,1,3.33787740992158,2.55317715514864,4.11216062177011,"other.IPD",2020-04-01
"911",52,2,2.56660480360127,1.79773275642231,3.28885009586528,"other.IPD",2020-04-01
"912",52,3,1.42970415626761,0.807979126498269,2.05700820623289,"other.IPD",2020-04-01
"913",53,1,2.87819434508252,2.11370639279325,3.62344581823863,"other.IPD",2020-05-01
"914",53,2,2.18810055007732,1.53022732984362,2.88920009326254,"other.IPD",2020-05-01
"915",53,3,0.942818722616381,0.341752980504976,1.54774740494726,"other.IPD",2020-05-01
"916",54,1,2.65935657464182,1.89307931171443,3.40219627538611,"other.IPD",2020-06-01
"917",54,2,2.03072612016962,1.36356301867087,2.68246154145674,"other.IPD",2020-06-01
"918",54,3,0.802746895981565,0.258066557936988,1.38100288486095,"other.IPD",2020-06-01
"919",55,1,2.55837818394863,1.79265015114313,3.29980800484069,"other.IPD",2020-07-01
"920",55,2,1.93922451867947,1.29607927242172,2.61567090417956,"other.IPD",2020-07-01
"921",55,3,0.718203428850225,0.194025637514425,1.26104101791579,"other.IPD",2020-07-01
"922",56,1,2.6393956781246,1.87653921063341,3.37132117563469,"other.IPD",2020-08-01
"923",56,2,1.98434145860666,1.33695627046307,2.62326596662524,"other.IPD",2020-08-01
"924",56,3,0.746436664819785,0.263689498004468,1.25141332243229,"other.IPD",2020-08-01
"925",57,1,2.8676437253323,2.07376953341613,3.6315665919805,"other.IPD",2020-09-01
"926",57,2,2.14974665310845,1.43942746279523,2.81278725146027,"other.IPD",2020-09-01
"927",57,3,0.885965903668638,0.384597387229155,1.40340643895995,"other.IPD",2020-09-01
"928",58,1,3.2294372084317,2.42425654020166,4.13606241282095,"other.IPD",2020-10-01
"929",58,2,2.45075373318875,1.66954747277932,3.22216092085912,"other.IPD",2020-10-01
"930",58,3,1.14226407286359,0.565180212234558,1.72350766451301,"other.IPD",2020-10-01
"931",59,1,3.6772534171963,2.75717712175235,4.61096115443479,"other.IPD",2020-11-01
"932",59,2,2.86141956038635,2.00940994092071,3.67579744163856,"other.IPD",2020-11-01
"933",59,3,1.49770201883758,0.852748737933681,2.17164818628767,"other.IPD",2020-11-01
"934",60,1,4.63957715937935,3.42461615993806,6.0460407098764,"other.IPD",2020-12-01
"935",60,2,3.54042481895459,2.58145284503409,4.53451901592555,"other.IPD",2020-12-01
"936",60,3,2.11881656845749,1.2718107645464,2.99696497814408,"other.IPD",2020-12-01
"937",61,1,4.89912812106627,3.62215940121379,6.26488425513065,"other.IPD",2021-01-01
"938",61,2,3.95112160155945,2.90194917387726,5.09424815338912,"other.IPD",2021-01-01
"939",61,3,2.63379860180154,1.65901533477399,3.65993052629501,"other.IPD",2021-01-01
"940",62,1,4.22913727016493,3.29071111773506,5.28650954635316,"other.IPD",2021-02-01
"941",62,2,3.4822669337172,2.58093602755283,4.46157601551356,"other.IPD",2021-02-01
"942",62,3,2.17153054561462,1.35900196242899,3.05538717521779,"other.IPD",2021-02-01
"943",63,1,3.86034947247978,2.96718106271046,4.76963580705037,"other.IPD",2021-03-01
"944",63,2,3.15862713013242,2.40332869661764,3.92550829747561,"other.IPD",2021-03-01
"945",63,3,1.91008845348179,1.21395558279609,2.63265066647936,"other.IPD",2021-03-01
"946",64,1,3.50647306795093,2.68755805419495,4.35709789761438,"other.IPD",2021-04-01
"947",64,2,2.84584190849115,2.16944797777301,3.55416658291001,"other.IPD",2021-04-01
"948",64,3,1.78682193347647,1.20295628810383,2.41260718699466,"other.IPD",2021-04-01
"949",65,1,3.29283832663109,2.42329114460862,4.14183507143999,"other.IPD",2021-05-01
"950",65,2,2.75040717478383,2.02409875504091,3.52824087571346,"other.IPD",2021-05-01
"951",65,3,1.83792263448724,1.12433679607384,2.59767264084344,"other.IPD",2021-05-01
"952",66,1,3.14264951706309,2.1407193010842,4.26171890034574,"other.IPD",2021-06-01
"953",66,2,2.5429179711605,1.68889363169819,3.56214373991443,"other.IPD",2021-06-01
"954",66,3,1.87836408299533,0.876283492079623,3.55456137057471,"other.IPD",2021-06-01
"955",67,1,3.24763405911633,2.14064680559334,4.681215465003,"other.IPD",2021-07-01
"956",67,2,2.61420666461375,1.71813905741942,3.82126037340019,"other.IPD",2021-07-01
"957",67,3,1.77268156329677,0.955299224158612,2.82012168093235,"other.IPD",2021-07-01
"958",68,1,3.17161154621833,2.02950591517889,4.76073588757129,"other.IPD",2021-08-01
"959",68,2,2.43442279455445,1.48716402119494,3.77858219348992,"other.IPD",2021-08-01
"960",68,3,1.24260305807392,0.551202993758528,2.24844830046574,"other.IPD",2021-08-01
"961",69,1,3.40183689604405,2.41768442353136,4.39712701953177,"other.IPD",2021-09-01
"962",69,2,2.55020819674666,1.78150880133516,3.37023315497512,"other.IPD",2021-09-01
"963",69,3,1.31431247712421,0.741747143869568,1.95963640554884,"other.IPD",2021-09-01
"964",70,1,3.78184637210581,2.80881085306008,4.7963709225122,"other.IPD",2021-10-01
"965",70,2,2.8994132340327,2.1411234010614,3.69233233617561,"other.IPD",2021-10-01
"966",70,3,1.674218664926,1.1057632107965,2.31233067423631,"other.IPD",2021-10-01
"967",71,1,4.74540826602249,3.70178857177467,5.86444153752579,"other.IPD",2021-11-01
"968",71,2,3.82121912260785,2.84960756698569,5.02732667162522,"other.IPD",2021-11-01
"969",71,3,2.61899517357188,1.78619844832014,3.65133202861145,"other.IPD",2021-11-01
"970",72,1,5.47371362977236,4.04968903663751,7.10822519607396,"other.IPD",2021-12-01
"971",72,2,4.27779217253326,3.1268315830143,5.64941200164482,"other.IPD",2021-12-01
"972",72,3,3.09359884683212,1.98656088208309,4.34294933804907,"other.IPD",2021-12-01
"973",73,1,5.2808177728002,4.02789652081573,6.68290866299586,"other.IPD",2022-01-01
"974",73,2,4.17343346838137,3.11402601632541,5.35162125431738,"other.IPD",2022-01-01
"975",73,3,2.87415856710145,1.97198954524606,3.97309383630287,"other.IPD",2022-01-01
"976",74,1,4.48275600802143,3.44982612169265,5.59072101742585,"other.IPD",2022-02-01
"977",74,2,3.63514811734411,2.76243534709021,4.57132832209223,"other.IPD",2022-02-01
"978",74,3,2.34522456476125,1.59805534345804,3.17159752295668,"other.IPD",2022-02-01
"979",75,1,4.2948131039199,3.24329286845217,5.38937118647647,"other.IPD",2022-03-01
"980",75,2,3.5939336102152,2.65279273282988,4.66040490897997,"other.IPD",2022-03-01
"981",75,3,2.48965587391801,1.73878498957179,3.34320859559325,"other.IPD",2022-03-01
"982",76,1,3.89738703169435,2.83375136695512,4.97134647673208,"other.IPD",2022-04-01
"983",76,2,3.27641815357065,2.36703018120232,4.34862577098541,"other.IPD",2022-04-01
"984",76,3,2.31376614262126,1.53304759880095,3.2365784722946,"other.IPD",2022-04-01
"985",77,1,3.305653952264,2.28799644166911,4.25395601691357,"other.IPD",2022-05-01
"986",77,2,2.63040197245474,1.82789176419629,3.44961767651787,"other.IPD",2022-05-01
"987",77,3,1.70238193248878,1.02970561340439,2.46509391424653,"other.IPD",2022-05-01
"988",78,1,2.94354149530651,1.96623293472447,3.83864010847013,"other.IPD",2022-06-01
"989",78,2,2.31987703978213,1.57394870732992,3.05760469815776,"other.IPD",2022-06-01
"990",78,3,1.38714508224598,0.771836703690837,2.04993699314497,"other.IPD",2022-06-01
"991",79,1,3.00547527991135,1.95037904725093,3.94596185075141,"other.IPD",2022-07-01
"992",79,2,2.39554252499891,1.56917147652936,3.21531804737252,"other.IPD",2022-07-01
"993",79,3,1.55251452827023,0.804885324190273,2.35098464894262,"other.IPD",2022-07-01
"994",80,1,2.92740601911363,1.93468985010964,3.79921302563224,"other.IPD",2022-08-01
"995",80,2,2.25597344310649,1.48391626783218,2.9973140379327,"other.IPD",2022-08-01
"996",80,3,1.20713972307969,0.652186131879087,1.81788122681113,"other.IPD",2022-08-01
"997",81,1,2.99780163103726,1.97655934830549,3.90888778791542,"other.IPD",2022-09-01
"998",81,2,2.27379687835362,1.37099463796468,3.03623550954763,"other.IPD",2022-09-01
"999",81,3,1.13127267484623,0.516812595832762,1.76592921445793,"other.IPD",2022-09-01
"1000",82,1,3.63583988818242,2.60552996698866,4.56521902278498,"other.IPD",2022-10-01
"1001",82,2,2.80968697168179,1.95876952033476,3.64740481151347,"other.IPD",2022-10-01
"1002",82,3,1.57280809527319,0.979060397642278,2.22885901106163,"other.IPD",2022-10-01
"1003",83,1,4.79046403463205,3.64130379910403,5.98556185603919,"other.IPD",2022-11-01
"1004",83,2,3.81495225880281,2.79096390064339,4.88179828179394,"other.IPD",2022-11-01
"1005",83,3,2.74398010159952,1.93631955287619,3.65950756459175,"other.IPD",2022-11-01
"1006",84,1,5.54807232977416,4.16584510712015,6.98853630546378,"other.IPD",2022-12-01
"1007",84,2,4.3963623757479,3.26655182328607,5.63017540977663,"other.IPD",2022-12-01
"1008",84,3,3.3447790881329,2.42665103575842,4.38305995279843,"other.IPD",2022-12-01
